강좌명,기관명,대상,신청기간,진행기간,신청방법,링크,담당자,담당부서,전화번호,이메일,상세보기 링크,세부사항,조회수
내항상선 5급 해기사 단기 양성과정,한국해양수산연수원,개인,2024-10-22 09시~2024-12-20 18시,2025-02-03~2025-06-27,기타,https://kimft.recruitlab.co.kr/,오션폴리텍해운팀,오션폴리텍해운팀,051-620-5773~4,-,https://www.busanjob.net/03_part/part01_view.asp?idx=17909&page=1&params=search_mode%3DY%26search_save%3DN%26keyword%3D%26kind1_type%3DP%26kind1_type_k%3DP%26kind2_type%3DJP04%26kind2_type%3DJP05%26kind2_type_k%3DJP04%252CJP05,"<div class=""view_detail"">
									<div style=""text-align: center;"" align=""center""><span style=""font-size: 12pt;"">누구나 6개월만에 항해사, 기관사로 새출발 가능!</span></div><div style=""text-align: center; "" align=""center""><span style=""font-size: 14pt;""><b>🥽내항상선 5급 해기사 단기 양성과정🥽</b></span></div><div style=""text-align: center; "" align=""center""><br></div><div style=""text-align: center; "" align=""center""><span style=""font-size: 12pt;"">""40대는 물론, 50대 초반까지 지원 가능</span></div><div style=""text-align: center; "" align=""center""><span style=""font-size: 12pt;"">연안여객선, 화물선, 예인선 등 승선근무""</span></div><div style=""text-align: center; "" align=""center""><br></div><div style=""text-align: center; "" align=""center""><span style=""font-size: 12pt;""><b>🚢교육일정🚢</b></span></div><div style=""text-align: center; "" align=""center""><span style=""font-size: 12pt;"">⚓모집인원 : 60명 (항해 30명/기관 30명)</span></div><div style=""text-align: center; "" align=""center""><span style=""font-size: 12pt;"">⚓원서접수 : 2024.11.04.(월) ~ 12.20.(금)</span></div><div style=""text-align: center; "" align=""center""><span style=""font-size: 12pt;"">⚓교육기간 : 2025.02.03.(월) ~ 06.27.(금)</span></div><div style=""text-align: center; "" align=""center""><br></div><div style=""text-align: center; "" align=""center""><span style=""font-size: 12pt;""><b>🚢접수처🚢</b></span></div><div style=""text-align: center; "" align=""center""><span style=""font-size: 12pt;"">kimft.recruitlab.co.kr</span></div><div style=""text-align: center; "" align=""center""><br></div><div style=""text-align: center; "" align=""center""><span style=""font-size: 12pt;""><b>🚢문의처🚢</b></span></div><div style=""text-align: center; "" align=""center""><span style=""font-size: 12pt;"">보다 구체적인 상담은 051-620-5773~4(오션폴리텍해운팀)으로 연락주세요.</span></div><div style=""text-align: center; "" align=""center""><br></div><div style=""text-align: center; "" align=""center""><br></div><div style=""text-align: center; "" align=""center""><span style=""font-size: 12pt;""><b>🚢특전🚢</b></span></div><div style=""text-align: center; "" align=""center""><span style=""font-size: 12pt;""><b>⚓교육과정 중 교육생의 비용 부담은 ""제로""⚓</b></span></div><div style=""text-align: center; "" align=""center""><span style=""font-size: 12pt;"">- 취업률 100% 보장</span></div><div style=""text-align: center; "" align=""center""><span style=""font-size: 12pt;"">- 월 20만원 훈련수당</span></div><div style=""text-align: center; "" align=""center""><span style=""font-size: 12pt;"">- 교육비, 교재비, 숙식비 무료</span></div><div style=""text-align: center; "" align=""center""><br></div><div style=""text-align: center; "" align=""center""><span style=""font-size: 12pt;""><b>⚓수료 후 승선실습 1개월 마치면 면허 취득⚓</b></span></div><div style=""text-align: center; "" align=""center""><span style=""font-size: 12pt;"">- 짧은 교육기간으로 면허 취득</span></div><div style=""text-align: center; "" align=""center""><span style=""font-size: 12pt;"">- 초봉 4천만원 중반~후반(초고속 진급, 의식주 해결)</span></div><div style=""text-align: center; "" align=""center""><span style=""font-size: 12pt;"">- 먼 바다에 나가지 않고 우리나라 주변 해역 항해</span></div><div style=""text-align: center; "" align=""center""><br></div><div style=""text-align: center; "" align=""center""><span style=""font-size: 12pt;""><b>⚓한국해운조합 지원사항⚓</b></span></div><div style=""text-align: center; "" align=""center""><span style=""font-size: 12pt;"">- 1개월 선사실습 종료 후 실습지원금(1인당 50만원) 지원 &amp; 장기승선(6개월 이상) 시 1인당 300만원 지급</span></div><div style=""text-align: center; "" align=""center""><br></div><div style=""text-align: center; "" align=""center""><span style=""font-size: 12pt;""><b>⚓70세까지 제2의 인생⚓</b></span></div><div style=""text-align: center; "" align=""center""><span style=""font-size: 12pt;"">중장년들의 제2의 인생 설계의 기회, 건강하고 승선의지만 있다면 정년없이 근무가능</span></div><div style=""text-align: center; "" align=""center""><br></div><div style=""text-align: center; "" align=""center""><span style=""font-size: 12pt;""><b>⚓최첨단 교육장비⚓</b></span></div><div style=""text-align: center; "" align=""center""><span style=""font-size: 12pt;"">선박조종 시뮬레이터, 기관실 시뮬레이터, 실습선 등 세계적 수준의</span></div><div style=""text-align: center; "" align=""center""><span style=""font-size: 12pt;"">교육장비를 통해 실무위주의 교육 시행</span></div><div style=""text-align: center; "" align=""center""><br></div><div style=""text-align: center; "" align=""center""><span style=""font-size: 12pt;""><b>⚓세계 최고 수준의 교수진⚓</b></span></div><div style=""text-align: center; "" align=""center""><span style=""font-size: 12pt;"">선장·기관장 출신 교육진들이 맞춤형 교육과정을 통해 교육생들에게 해기지식과 실무능력 전수</span></div><div style=""text-align: center; "" align=""center""><br></div><div style=""text-align: center; "" align=""center""><span style=""font-size: 12pt;""><b>⚓최상의 교육환경⚓</b></span></div><div style=""text-align: center; "" align=""center""><span style=""font-size: 12pt;"">전용 강의실, 생활관, 도서관 등 교육생들이 학습에 전념할 수 있는 교육환경 제공</span></div><div style=""text-align: center; "" align=""center""><br></div><div style=""text-align: center; "" align=""center""><span style=""font-size: 12pt;""><b>⚓평생 배만 타야하냐고? 아니!⚓</b></span></div><div style=""text-align: center; "" align=""center""><span style=""font-size: 12pt;"">해운회사, 조선소, 중공업의 선박관리 전문가, 해양관련 교육기관의 교관, 교사,</span></div><div style=""text-align: center; "" align=""center""><span style=""font-size: 12pt;"">공무원, 해양경찰 등 해양특수분야 전문가로 육상 진출경로 다양</span></div><div style=""text-align: center; "" align=""center""><br></div><div style=""text-align: center; "" align=""center""><span style=""font-size: 12pt;""><b>⚓지원자격이 어떻게 되냐고?⚓</b></span></div><div style=""text-align: center; "" align=""center""><span style=""font-size: 12pt;"">나이제한 없이, 전공에 관계없이</span></div><div style=""text-align: center; "" align=""center""><span style=""font-size: 12pt;"">누구나 지원할 수 있어!</span></div><div style=""text-align: center; "" align=""center""><br></div><div style=""text-align: center; "" align=""center""><br></div><div style=""text-align: center; "" align=""center""><span style=""font-size: 12pt;""><b>🚢상선5급 수료생 인터뷰🚢</b></span></div><div style=""text-align: center; "" align=""center""><span style=""font-size: 12pt;""><br></span></div><div style=""text-align: center; "" align=""center""><span style=""font-size: 12pt;""><b>⚓기관과 수료생⚓</b></span></div><div style=""text-align: center; "" align=""center""><span style=""font-size: 12pt;"">전문기술 습득을 통해 60세 이후까지 안정적으로</span></div><div style=""text-align: center; "" align=""center""><span style=""font-size: 12pt;"">연안급유선에 근무하며 남부럽지않은 생활을 하고 있습니다.</span></div><div style=""text-align: center; "" align=""center""><br></div><div style=""text-align: center; "" align=""center""><span style=""font-size: 12pt;""><b>⚓항해과 수료생⚓</b></span></div><div style=""text-align: center; "" align=""center""><span style=""font-size: 12pt;"">체대를 졸업하였지만, 오션폴리텍 교육과정을 거쳐</span></div><span style=""font-size: 12pt;""><div style=""text-align: center;"" align=""center""><span style=""font-size: 12pt;"">연안 여객선 항해사로 행복하게 제2의 인생을 살고 있습니다.</span></div><div style=""text-align: center;"" align=""center""><span style=""font-size: 12pt;""><br></span></div><div style=""text-align: center;"" align=""center""><span style=""font-size: 12pt;""><img src=""/upload/editor/20241022134151.jpg"" title=""20241022134151.jpg""><br style=""clear:both;""><img src=""/upload/editor/20241022134158.jpg"" title=""20241022134158.jpg""><br style=""clear:both;""><img src=""/upload/editor/20241022134208.jpg"" title=""20241022134208.jpg""><br style=""clear:both;""><img src=""/upload/editor/20241022134215.jpg"" title=""20241022134215.jpg""><br style=""clear:both;"">​</span></div></span><p style=""text-align: center;"">&nbsp;</p><p>&nbsp;</p>
								</div>",0
외항상선 3급 해기사 양성과정,한국해양수산연수원,개인,2024-10-22 09시~2024-12-20 18시,2025-02-03~2025-12-19,기타,https://kimft.recruitlab.co.kr/,한국해양수산연수원,한국해양수산연수원,051-620-5773~4,-,https://www.busanjob.net/03_part/part01_view.asp?idx=17907&page=1&params=search_mode%3DY%26search_save%3DN%26keyword%3D%26kind1_type%3DP%26kind1_type_k%3DP%26kind2_type%3DJP04%26kind2_type%3DJP05%26kind2_type_k%3DJP04%252CJP05,"<div class=""view_detail"">
									<div style=""text-align: center;"" align=""center""><span style=""font-size: 12pt;"">🛳️2025년 제33기 상선3급 교육일정🛳️</span></div><div style=""text-align: center;"" align=""center""><span style=""font-size: 12pt;""><br></span></div><div style=""text-align: center;"" align=""center""><span style=""font-size: 12pt;""></span><span style=""font-size: 16px;"">---------------------------------------------------</span><span style=""font-size: 12pt;"">​</span></div><div style=""text-align: center;"" align=""center""><span style=""font-size: 12pt;""><b>🛟원서접수</b> : 2024.11.04.(월)~ 12.20.(금)</span></div><div style=""text-align: center; line-height: 2;"" align=""center""><span style=""font-size: 12pt;""><b>🛟교육기간 </b>: 2025.02.03.(월) ~ 12.19.(금)</span></div><div style=""text-align: center; line-height: 2;"" align=""center""><span style=""font-size: 10pt;"">연수원 11개월 (육상교육 6개월 + 실습교육 5개월)</span></div><div align=""center"" style=""text-align: center;""><span style=""font-size: 10pt;"">+</span></div><div style=""text-align: center; line-height: 1;"" align=""center""><span style=""font-size: 10pt;"">선박회사실습 7개월 = 총 18개월</span><span style=""font-size: 12pt;""><br></span></div><div style=""text-align: center;"" align=""center""><span style=""font-size: 12pt;"">---------------------------------------------------</span></div><div style=""text-align: center;"" align=""center""><br></div><div style=""text-align: center;"" align=""center""><b><span style=""font-size: 12pt;"">⚓최첨단 교육장비</span><span style=""font-size: 16px;"">⚓</span></b><span style=""font-size: 12pt;"">​</span></div><div style=""text-align: center;"" align=""center""><span style=""font-size: 12pt;"">선박조종 시뮬레이터, 기관실 시뮬레이터, 실습선 등 세계적 수준의 교육장비를 통해 실무위주의 교육시행</span></div><div style=""text-align: center;"" align=""center""><br></div><div style=""text-align: center;"" align=""center""><b><span style=""font-size: 12pt;"">⚓세계 최고 수준의 교수진</span><span style=""font-size: 16px;"">⚓</span></b><span style=""font-size: 12pt;"">​</span></div><div style=""text-align: center;"" align=""center""><span style=""font-size: 12pt;"">선장·기관장 출신 교육진들이 맞춤형 교육과정을 통해 교육생들에게 해기지식과 실무능력 전수</span></div><div style=""text-align: center;"" align=""center""><br></div><div style=""text-align: center;"" align=""center""><b><span style=""font-size: 12pt;"">⚓최상의 교육환경</span><span style=""font-size: 16px;"">⚓</span></b><span style=""font-size: 12pt;"">​</span></div><div style=""text-align: center;"" align=""center""><span style=""font-size: 12pt;"">전용 강의실, 생활관, 도서관 등 교육생들이 학습에 전념할 수 있는 교육환경 제공</span></div><div style=""text-align: center;"" align=""center""><br></div><div style=""text-align: center;"" align=""center""><b><span style=""font-size: 12pt;"">⚓평생 배만 타야하냐고? 아니!</span><span style=""font-size: 16px;"">⚓</span></b><span style=""font-size: 12pt;"">​</span></div><div style=""text-align: center;"" align=""center""><span style=""font-size: 12pt;"">- 해운회사, 조선소, 중공업의 선박 관리 전문가</span></div><div style=""text-align: center;"" align=""center""><span style=""font-size: 12pt;"">- 해양 관련 교육기관의 교수, 연구원, 공무원, 해양경찰</span></div><div style=""text-align: center;"" align=""center""><span style=""font-size: 12pt;"">- 해양플랜트 등 해양특수분야 전문가 등 육상 진출경로 다양</span></div><div style=""text-align: center;"" align=""center""><br></div><div style=""text-align: center;"" align=""center""><b><span style=""font-size: 12pt;"">⚓지원 자격이 어떻게 되냐고?</span><span style=""font-size: 16px;"">⚓</span></b><span style=""font-size: 12pt;"">​</span></div><div style=""text-align: center;"" align=""center""><span style=""font-size: 12pt;"">- 나이 제한없이(*업계 선호 연령 20~40대) 전공불문</span></div><div style=""text-align: center;"" align=""center""><span style=""font-size: 12pt;"">- 전문대 이상 졸업자 또는 80학점 이상 취득하였다면!</span></div><span style=""font-size: 12pt;""><div style=""text-align: center;"" align=""center""><span style=""font-size: 12pt;"">누구나 지원할 수 있어요!</span></div><div style=""text-align: center;"" align=""center""><span style=""font-size: 12pt;""><br></span></div><div style=""text-align: center;"" align=""center"">자세한 내용은 상단의 링크를 클릭하세요!</div><div style=""text-align: center;"" align=""center""><img src=""/upload/editor/20241022132743.jpg"" title=""20241022132743.jpg""><br style=""clear:both;""><img src=""/upload/editor/20241022132845.jpg"" title=""20241022132845.jpg""><br style=""clear:both;""><img src=""/upload/editor/20241022132855.jpg"" title=""20241022132855.jpg""><br style=""clear:both;""><img src=""/upload/editor/20241022132905.jpg"" title=""20241022132905.jpg""><br style=""clear:both;""><br style=""clear:both;""><br></div></span><p>&nbsp;</p>
								</div>",0
2024년도 부산 S.F 리빙랩 시민연구단 2기 모집공고,에스큐브디자인랩,개인,2024-10-21 09시~2024-11-01 18시,2024-10-21~2024-11-01,이메일,,RIS 대학교육혁신본부,RIS 대학교육혁신본부,051-510-7026,jinuk0330@pusan.ac.kr,https://www.busanjob.net/03_part/part01_view.asp?idx=17897&page=1&params=search_mode%3DY%26search_save%3DN%26keyword%3D%26kind1_type%3DP%26kind1_type_k%3DP%26kind2_type%3DJP04%26kind2_type%3DJP05%26kind2_type_k%3DJP04%252CJP05,"<div class=""view_detail"">
									<div style=""text-align: center;"" align=""center""><span style=""font-size: 14pt;""><b>부산 S.F 리빙랩 시민연구단 2기 모집</b></span></div><div style=""text-align: center;"" align=""center""><span style=""font-size: 14pt;""><b><br></b></span></div><div style=""text-align: center;"" align=""center""><span style=""font-size: 14pt;""><b><br></b></span></div><div style=""text-align: center;"" align=""center""><span style=""font-size: 14pt;"">참가 대상: 주제에 관심있는 부산시민 35명 내외</span></div><div style=""text-align: center;"" align=""center""><span style=""font-size: 14pt;"">지원 유형: 5명 이하 팀으로 지원(개인지원도 가능)</span></div><div style=""text-align: center;"" align=""center""><span style=""font-size: 14pt;"">주요 내용: 부산의 해양 및 지역사회문제를 발굴하고 해결 아이디어를 제안하는 리빙랩</span></div><div style=""text-align: center;"" align=""center""><span style=""font-size: 14pt;"">신청 기한: <b>2024. 10. 21.(월) ~ 11.1.(금)</b></span></div><div style=""text-align: center;"" align=""center""><span style=""font-size: 14pt;""><br></span></div><div style=""text-align: center;"" align=""center""><span style=""font-size: 14pt;"">자세한 내용은 첨부파일을 참조해주세요!</span></div><div style=""text-align: center;"" align=""center""><span style=""font-size: 14pt;""><img src=""/upload/editor/20241022104951.jpg"" title=""20241022104951.jpg""><br style=""clear:both;""><br></span></div><p>&nbsp;</p>
								</div>",0
2024년도 부산 S.F 리빙랩 지역현안 공모전 모집공고,에스큐브디자인랩,개인,2024-10-21 09시~2024-11-06 18시,2024-10-21~2024-11-06,이메일,,RIS 대학교육혁신본부,RIS 대학교육혁신본부,051-510-7026,jinuk0330@pusan.ac.kr,https://www.busanjob.net/03_part/part01_view.asp?idx=17896&page=1&params=search_mode%3DY%26search_save%3DN%26keyword%3D%26kind1_type%3DP%26kind1_type_k%3DP%26kind2_type%3DJP04%26kind2_type%3DJP05%26kind2_type_k%3DJP04%252CJP05,"<div class=""view_detail"">
									<div style=""text-align: center;"" align=""center""><span style=""font-size: 14pt;""><b>부산 S.F 리빙랩 지역현안 공모전</b></span></div><div style=""text-align: center;"" align=""center""><span style=""font-size: 14pt;""><br></span></div><div style=""text-align: center;"" align=""center""><span style=""font-size: 14pt;"">목적: 부산 지역의 해양과 지속가능한 미래를 위한</span></div><div style=""text-align: center;"" align=""center""><span style=""font-size: 14pt;"">문제발굴과 창의적인 해결 아이디어 제안 공모</span></div><div style=""text-align: center;"" align=""center""><span style=""font-size: 14pt;"">참가 대상: 주제에 관심있는 부산시민</span></div><div style=""text-align: center;"" align=""center""><span style=""font-size: 14pt;"">지원 유형: 5명 이하 팀으로 신청(개인지원도 가능)</span></div><div style=""text-align: center;"" align=""center""><span style=""font-size: 14pt;"">신청 기한: 2024. 10. 21.(월) ~ 11. 6.(수)​</span></div><div style=""text-align: center;"" align=""center""><span style=""font-size: 14pt;""><br></span></div><div style=""text-align: center;"" align=""center""><span style=""font-size: 14pt;"">자세한 내용은 첨부파일을 참고해주세요!</span></div><div style=""text-align: center;"" align=""center""><span style=""font-size: 14pt;""><img src=""/upload/editor/20241022104742.jpg"" title=""20241022104742.jpg""><br style=""clear:both;""><br></span></div>
								</div>",0
2024년 수영구민 취업프로젝트 ′함께 잡(JOB)아요! 내 일(JOB)′『수영구청 일반경비원 양성교육 과정』,부산광역시 수영구청,개인,2024-10-21 09시~2024-11-12 18시,2024-11-18~2024-11-20,방문,,이춘우,일자리경제과,051-610-4830,korea0160@korea.kr,https://www.busanjob.net/03_part/part01_view.asp?idx=17801&page=1&params=search_mode%3DY%26search_save%3DN%26keyword%3D%26kind1_type%3DP%26kind1_type_k%3DP%26kind2_type%3DJP04%26kind2_type%3DJP05%26kind2_type_k%3DJP04%252CJP05,"<div class=""view_detail"">
									<div style=""text-align: center;"" align=""center""><img src=""/upload/editor/20241021101358.png"" title=""20241021101358.png""><br style=""clear:both;""><br></div><div style=""text-align: center;"" align=""center""><br></div><div style=""text-align: center;"" align=""center""><b><span style=""font-size: 18pt; font-family: 굴림, gulim;"">2024년 수영구민 취업프로젝트 ′함께 잡(JOB)아요! 내 일(JOB)′</span></b></div><div style=""text-align: center;"" align=""center""><b><span style=""font-size: 18pt; font-family: 굴림, gulim;""></span></b><font face=""굴림, gulim""><span style=""font-size: 24px;""><b>『수영구청 일반경비원 양성교육 과정』</b></span></font></div><div style=""text-align: center;"" align=""center""><br></div><div style=""text-align: center;"" align=""center""><b><span 맑은="""" 고딕"";="""" letter-spacing:="""" 0pt;="""" font-weight:="""" bold;="""" font-size:="""" 9pt;""="""" style=""font-size: 11pt; font-family: 굴림, gulim;"">✔️</span></b><span style=""font-size: 11pt;"">​ </span><span style=""font-size: 11pt;"">교육내용 : 일반경비원 신임교육 이수증 수료 과정</span></div><div style=""text-align: center;"" align=""center""><span style=""font-size: 11pt;""></span><b><span 맑은="""" 고딕"";="""" letter-spacing:="""" 0pt;="""" font-weight:="""" bold;="""" font-size:="""" 9pt;""="""" style=""font-size: 11pt; font-family: 굴림, gulim;""></span></b><b><span lang=""EN-US"" 맑은="""" 고딕"";="""" letter-spacing:="""" 0pt;="""" font-weight:="""" bold;="""" font-size:="""" 9pt;""="""" style=""font-size: 14pt; font-family: 굴림, gulim;"">😀</span></b><b><span 맑은="""" 고딕"";="""" letter-spacing:="""" 0pt;="""" font-weight:="""" bold;="""" font-size:="""" 9pt;""="""" style=""font-size: 11pt; font-family: 굴림, gulim;"">​</span></b><span style=""font-size: 11pt;"">​</span><span style=""font-size: 11pt;""> 교육대상 :&nbsp; 수영구 거주 중장년 미취업자 ▷미달시 타지역주민 참여</span></div><div style=""text-align: center;"" align=""center""><span style=""font-size: 11pt;""></span><b><span 맑은="""" 고딕"";="""" letter-spacing:="""" 0pt;="""" font-weight:="""" bold;="""" font-size:="""" 9pt;""="""" style=""font-size: 11pt; font-family: 굴림, gulim;""></span></b><b><span lang=""EN-US"" 맑은="""" 고딕"";="""" letter-spacing:="""" 0pt;="""" font-weight:="""" bold;="""" font-size:="""" 9pt;""="""" style=""font-size: 14pt; font-family: 굴림, gulim;"">🕑</span></b><b><span 맑은="""" 고딕"";="""" letter-spacing:="""" 0pt;="""" font-weight:="""" bold;="""" font-size:="""" 9pt;""="""" style=""font-size: 11pt; font-family: 굴림, gulim;"">​</span></b><span style=""font-size: 11pt;"">​</span><span style=""font-size: 11pt;""> 교육기간 : 2024. 11.18.(월) ~ 11.20.(수) 09:00 ~ 18:00(1일 8시간, 총3일 24시간)</span></div><div style=""text-align: center;"" align=""center""><span style=""font-size: 11pt;""></span><b><span 맑은="""" 고딕"";="""" letter-spacing:="""" 0pt;="""" font-weight:="""" bold;="""" font-size:="""" 9pt;""="""" style=""font-size: 11pt; font-family: 굴림, gulim;"">✔️</span></b><span style=""font-size: 11pt;"">​</span><span style=""font-size: 11pt;"">모집기간 : 2024. 10.21.(월) ~ 11.12.(화)</span></div><div style=""text-align: center;"" align=""center""><span style=""font-size: 11pt;""></span><b><span 맑은="""" 고딕"";="""" letter-spacing:="""" 0pt;="""" font-weight:="""" bold;="""" font-size:="""" 9pt;""="""" style=""font-size: 11pt; font-family: 굴림, gulim;""></span></b><b><span lang=""EN-US"" 맑은="""" 고딕"";="""" letter-spacing:="""" 0pt;="""" font-weight:="""" bold;="""" font-size:="""" 9pt;""="""" style=""font-size: 14pt; font-family: 굴림, gulim;"">👉</span></b><b><span 맑은="""" 고딕"";="""" letter-spacing:="""" 0pt;="""" font-weight:="""" bold;="""" font-size:="""" 9pt;""="""" style=""font-size: 11pt; font-family: 굴림, gulim;"">​</span></b><span style=""font-size: 11pt;"">​</span><span style=""font-size: 11pt;""> 접수방법 :&nbsp;</span></div><div style=""text-align: center;"" align=""center""><span style=""font-size: 11pt;""></span><span style=""font-family: 돋움, dotum; font-size: 11pt; font-weight: bold; letter-spacing: 0pt;"">①</span><span style=""font-size: 11pt; font-family: 돋움, dotum;"">수영구일자리종합센터 본인(신분증 지참) 근무시간(09:00~17:00) 내 방문 접수</span></div><div style=""text-align: center;"" align=""center""><span style=""font-size: 11pt;""></span><span style=""font-family: 돋움, dotum; font-size: 11pt; font-weight: bold; letter-spacing: 0pt;"">②</span><span style=""font-family: 돋움, dotum; font-size: 11pt; white-space: pre;"">네이버폼 접수 : https://naver.me/IDFiRIjt</span><span style=""font-size: 11pt;"">​</span></div><div style=""text-align: center;"" align=""center""><span style=""font-size: 11pt;""></span><b><span 맑은="""" 고딕"";="""" letter-spacing:="""" 0pt;="""" font-weight:="""" bold;="""" font-size:="""" 9pt;""="""" style=""font-size: 11pt; font-family: 굴림, gulim;"">✔️</span></b><span style=""font-size: 11pt;"">​</span><span style=""font-size: 11pt;""> 교육비 : 교육비 전액 지원</span></div><div style=""text-align: center;"" align=""center""><br></div><div style=""text-align: center;"" align=""center""><span style=""font-size: 11pt;""></span><b><span style=""font-size: 18pt; background-color: rgb(255, 232, 232); font-family: 돋움, dotum;"">&nbsp;수영구 일자리종합센터&nbsp;</span><span 맑은="""" 고딕"";="""" letter-spacing:="""" 0pt;="""" font-weight:="""" bold;="""" font-size:="""" 9pt;""="""" style=""font-size: 18pt; background-color: rgb(255, 232, 232); font-family: 돋움, dotum;"">☎&nbsp;051-</span><span lang=""EN-US"" 맑은="""" 고딕"";="""" letter-spacing:="""" 0pt;="""" font-weight:="""" bold;="""" font-size:="""" 9pt;""="""" style=""font-size: 18pt; background-color: rgb(255, 232, 232); font-family: 돋움, dotum;"">610-4831&nbsp;</span></b><span style=""font-size: 11pt;"">​</span><span style=""font-size: 14pt;"">​</span></div><p>&nbsp;</p><p>&nbsp;</p>
								</div>",0
★부기투어★2024 부산 잡(JOB) 페스티벌,부산경제진흥원,개인,2024-10-14 09시~2024-10-22 23시,2024-10-24~2024-10-24,온라인,,김민지,부산 운영 사무국,051-636-8739,job2649@eduinjob.co.kr,https://www.busanjob.net/03_part/part01_view.asp?idx=17568&page=1&params=search_mode%3DY%26search_save%3DN%26keyword%3D%26kind1_type%3DP%26kind1_type_k%3DP%26kind2_type%3DJP04%26kind2_type%3DJP05%26kind2_type_k%3DJP04%252CJP05,"<div class=""view_detail"">
									<p style=""text-align: center;"" align=""center""><img src=""/upload/editor/20241021175716.png"" title=""20241021175716.png""><br style=""clear:both;"">&nbsp;</p><p style=""text-align: left;"" align=""left""><b><u><span style=""font-family: 나눔고딕, NanumGothic, sans-serif; background-color: rgb(255, 0, 0); color: rgb(255, 255, 255); font-size: 18pt;"">&nbsp;※</span><span style=""font-family: 나눔고딕, NanumGothic, sans-serif; font-size: 18pt; background-color: rgb(255, 0, 0); color: rgb(255, 255, 255);"">부기투어 1회차(11:00~11:30) - 신청 마감&nbsp;</span></u></b><b><u><span style=""font-family: 나눔고딕, NanumGothic, sans-serif; font-size: 18pt; background-color: rgb(255, 0, 0); color: rgb(255, 255, 255);"">​</span></u></b></p><p>&nbsp;</p><p>&nbsp;</p><p>&nbsp;</p><p>&nbsp;</p><p>&nbsp;</p><p>&nbsp;</p><p>&nbsp;</p><p>&nbsp;</p>
								</div>",0
★공공기관&부산우수기업설명회★2024 부산 잡(JOB) 페스티벌,부산경제진흥원,개인,2024-10-14 09시~2024-10-22 23시,2024-10-24~2024-10-24,온라인,,김민지,부산 운영 사무국,051-636-8739,job2649@eduinjob.co.kr,https://www.busanjob.net/03_part/part01_view.asp?idx=17567&page=1&params=search_mode%3DY%26search_save%3DN%26keyword%3D%26kind1_type%3DP%26kind1_type_k%3DP%26kind2_type%3DJP04%26kind2_type%3DJP05%26kind2_type_k%3DJP04%252CJP05,"<div class=""view_detail"">
									<p style=""text-align: center;"" align=""center""><img src=""/upload/editor/20241021175643.png"" title=""20241021175643.png""><br style=""clear:both;"">&nbsp;</p><p><b><span style=""font-size: 18pt; background-color: rgb(255, 0, 0); color: rgb(255, 255, 255); font-family: 나눔고딕, NanumGothic, sans-serif;"">&nbsp;</span><span style=""font-size: 18pt; font-family: 나눔고딕, NanumGothic, sans-serif; background-color: rgb(255, 0, 0); color: rgb(255, 255, 255);""><u style="""">※ 코끼리공장(13:30~14:00) 사전신청 마감&nbsp;</u></span></b></p><p><span style=""font-size: 18pt; font-family: 나눔고딕, NanumGothic, sans-serif;""><b></b></span><b><span style=""font-size: 18pt; background-color: rgb(255, 0, 0); color: rgb(255, 255, 255); font-family: 나눔고딕, NanumGothic, sans-serif;"">&nbsp;</span><span style=""font-size: 18pt; font-family: 나눔고딕, NanumGothic, sans-serif; background-color: rgb(255, 0, 0); color: rgb(255, 255, 255);""><u>※ 한국자산관리공사(14:10~14:40) 사전신청 마감&nbsp;</u></span></b><b style=""font-family: 나눔고딕, NanumGothic, sans-serif; font-size: 18pt;"">​​</b></p><p>&nbsp;</p><p>&nbsp;</p><p>&nbsp;</p><p>&nbsp;</p><p>&nbsp;</p><p>&nbsp;</p><p>&nbsp;</p><p>&nbsp;</p>
								</div>",0
제7차 신중년 채용직무설명회,부산광역시 장노년일자리지원센터,개인,2024-10-07 09시~2024-10-25 13시,2024-10-29~2024-10-29,온라인,,김소현,장노년일자리혁신팀,051-862-6303,bcjcenter@hanmail.net,https://www.busanjob.net/03_part/part01_view.asp?idx=17399&page=1&params=search_mode%3DY%26search_save%3DN%26keyword%3D%26kind1_type%3DP%26kind1_type_k%3DP%26kind2_type%3DJP04%26kind2_type%3DJP05%26kind2_type_k%3DJP04%252CJP05,"<div class=""view_detail"">
									<p><span 맑은="""" 고딕"";="""" font-weight:="""" bold;="""" font-size:="""" 14pt;="""" color:="""" rgb(85,="""" 85,="""" 85);="""" background:="""" rgb(255,="""" 255,="""" 255);""="""" style=""font-size: 14pt;""></span></p><p><span 맑은="""" 고딕"";="""" font-weight:="""" bold;="""" font-size:="""" 14pt;="""" color:="""" rgb(85,="""" 85,="""" 85);="""" background:="""" rgb(255,="""" 255,="""" 255);""="""" style=""font-size: 14pt;""><img src=""/upload/editor/20241007152201.jpg"" title=""20241007152201.jpg""><br style=""clear:both;"">&nbsp;</span></p><p><span 맑은="""" 고딕"";="""" font-weight:="""" bold;="""" font-size:="""" 14pt;="""" color:="""" rgb(85,="""" 85,="""" 85);="""" background:="""" rgb(255,="""" 255,="""" 255);""="""" style=""font-size: 14pt;"">새로운 길을 찾는 신중년을 위한 채용</span><span 맑은="""" 고딕"";="""" letter-spacing:="""" 0pt;="""" font-weight:="""" bold;="""" font-size:="""" 14pt;="""" color:="""" rgb(85,="""" 85,="""" 85);="""" background:="""" rgb(255,="""" 255,="""" 255);""="""" style=""font-size: 14pt;"">‧</span><span 맑은="""" 고딕"";="""" font-weight:="""" bold;="""" font-size:="""" 14pt;="""" color:="""" rgb(85,="""" 85,="""" 85);="""" background:="""" rgb(255,="""" 255,="""" 255);""="""" style=""font-size: 14pt;"">직무설명회</span><span lang=""EN-US"" 맑은="""" 고딕"";="""" letter-spacing:="""" 0pt;="""" font-weight:="""" bold;="""" font-size:="""" 14pt;="""" color:="""" rgb(85,="""" 85,="""" 85);="""" background:="""" rgb(255,="""" 255,="""" 255);""="""" style=""font-size: 14pt;"">,&nbsp;</span><span 맑은="""" 고딕"";="""" font-weight:="""" bold;="""" font-size:="""" 14pt;="""" color:="""" rgb(85,="""" 85,="""" 85);="""" background:="""" rgb(255,="""" 255,="""" 255);""="""" style=""font-size: 14pt;"">새로운 직무에 대한 맞춤 지원서비스를 통한 일자리 기회를 마련하세요</span><span lang=""EN-US"" 맑은="""" 고딕"";="""" letter-spacing:="""" 0pt;="""" font-weight:="""" bold;="""" font-size:="""" 14pt;="""" color:="""" rgb(85,="""" 85,="""" 85);="""" background:="""" rgb(255,="""" 255,="""" 255);""="""" style=""font-size: 14pt;"">!</span></p><p class=""0"" style=""font-weight: bold; font-size: 12pt; color: rgb(85, 85, 85); background: rgb(255, 255, 255);"">&nbsp;<o:p></o:p></p><p class=""0"" style=""line-height: 1.8;""><span style=""font-family: 돋움, dotum; letter-spacing: 0pt; font-size: 12pt;"">❍&nbsp;</span><span style=""font-family: 돋움, dotum; font-size: 12pt;"">제7차</span><span style=""font-family: 돋움, dotum; font-size: 12pt;"">&nbsp;신중년 채용직무설명회&nbsp;</span><span lang=""EN-US"" style=""font-family: 돋움, dotum; letter-spacing: 0pt; font-size: 12pt;"">""GS</span><span style=""font-family: 돋움, dotum; font-size: 12pt;"">리테일</span><span lang=""EN-US"" style=""font-family: 돋움, dotum; letter-spacing: 0pt; font-size: 12pt;"">-</span><span style=""font-family: 돋움, dotum; font-size: 12pt;"">우리동네 도보배달원</span><span lang=""EN-US"" style=""font-family: 돋움, dotum; letter-spacing: 0pt; font-size: 12pt;"">""</span></p><p class=""0"" style=""line-height: 1.8;""><span lang=""EN-US"" style=""font-family: 돋움, dotum; letter-spacing: 0pt; font-size: 12pt;"">-&nbsp;</span><span style=""font-family: 돋움, dotum; letter-spacing: 0pt; font-size: 12pt;"">′</span><span style=""font-family: 돋움, dotum; font-size: 12pt;"">우리동네 딜리버리</span><span style=""font-family: 돋움, dotum; letter-spacing: 0pt; font-size: 12pt;"">′&nbsp;</span><span style=""font-family: 돋움, dotum; font-size: 12pt;"">앱을 활용하여 언제 어디서든 누구나 장비없이 손쉽게 일할 수 있는 친환경 배달 플랫폼 교육 지원</span></p><p class=""0"" style=""line-height: 1.8;""><span lang=""EN-US"" style=""font-family: 돋움, dotum; letter-spacing: 0pt; font-size: 12pt;"">-&nbsp;</span><span style=""font-family: 돋움, dotum; font-size: 12pt;"">저중량 상품 위주로 내가 원하는 시간에 자유롭게 배달활동&nbsp;</span><span lang=""EN-US"" style=""font-family: 돋움, dotum; letter-spacing: 0pt; font-size: 12pt;"">(</span><span style=""font-family: 돋움, dotum; font-size: 12pt;"">생필품</span><span lang=""EN-US"" style=""font-family: 돋움, dotum; letter-spacing: 0pt; font-size: 12pt;"">,&nbsp;</span><span style=""font-family: 돋움, dotum; font-size: 12pt;"">식료품 등</span><span lang=""EN-US"" style=""font-family: 돋움, dotum; letter-spacing: 0pt; font-size: 12pt;"">)</span></p><p class=""0"" style=""line-height: 1.8;""><span lang=""EN-US"" style=""font-family: 돋움, dotum; letter-spacing: 0pt; font-size: 12pt;"">-&nbsp;</span><span style=""font-family: 돋움, dotum; font-size: 12pt;"">건별&nbsp;</span><span lang=""EN-US"" style=""font-family: 돋움, dotum; letter-spacing: 0pt; font-size: 12pt;"">2,000</span><span style=""font-family: 돋움, dotum; font-size: 12pt;"">원</span><span lang=""EN-US"" style=""font-family: 돋움, dotum; letter-spacing: 0pt; font-size: 12pt;"">~3,600</span><span style=""font-family: 돋움, dotum; font-size: 12pt;"">원</span><span lang=""EN-US"" style=""font-family: 돋움, dotum; letter-spacing: 0pt; font-size: 12pt;"">,&nbsp;</span><span style=""font-family: 돋움, dotum; font-size: 12pt;"">물품</span><span lang=""EN-US"" style=""font-family: 돋움, dotum; letter-spacing: 0pt; font-size: 12pt;"">/</span><span style=""font-family: 돋움, dotum; font-size: 12pt;"">거리별 상이</span></p><p class=""0"" style=""line-height: 1.8;""><span style=""font-family: 돋움, dotum; font-size: 12pt;"">&nbsp;</span></p><p class=""0"" style=""line-height: 1.8;""><span style=""font-family: 돋움, dotum; letter-spacing: 0pt; font-size: 12pt;"">❍&nbsp;</span><span style=""font-family: 돋움, dotum; font-size: 12pt;"">신청기간</span><span lang=""EN-US"" style=""font-family: 돋움, dotum; letter-spacing: 0pt; font-size: 12pt;"">: 2024</span><span style=""font-family: 돋움, dotum; font-size: 12pt;"">년 10</span><span style=""font-family: 돋움, dotum; font-size: 12pt;"">월 7</span><span style=""font-family: 돋움, dotum; font-size: 12pt;"">일</span><span lang=""EN-US"" style=""font-family: 돋움, dotum; letter-spacing: 0pt; font-size: 12pt;"">(</span><span style=""font-family: 돋움, dotum; font-size: 12pt;"">월</span><span lang=""EN-US"" style=""font-family: 돋움, dotum; letter-spacing: 0pt; font-size: 12pt;"">) ~ 10</span><span style=""font-family: 돋움, dotum; font-size: 12pt;"">월&nbsp;</span><span lang=""EN-US"" style=""font-family: 돋움, dotum; letter-spacing: 0pt; font-size: 12pt;"">25</span><span style=""font-family: 돋움, dotum; font-size: 12pt;"">일</span><span lang=""EN-US"" style=""font-family: 돋움, dotum; letter-spacing: 0pt; font-size: 12pt;"">(금</span><span lang=""EN-US"" style=""font-family: 돋움, dotum; letter-spacing: 0pt; font-size: 12pt;"">) 13</span><span style=""font-family: 돋움, dotum; font-size: 12pt;"">시&nbsp;</span><span lang=""EN-US"" style=""font-family: 돋움, dotum; letter-spacing: 0pt; font-size: 12pt;"">/&nbsp;</span><span style=""font-family: 돋움, dotum; font-size: 12pt;"">선발 후 10</span><span style=""font-family: 돋움, dotum; font-size: 12pt;"">월&nbsp;</span><span lang=""EN-US"" style=""font-family: 돋움, dotum; letter-spacing: 0pt; font-size: 12pt;"">28</span><span style=""font-family: 돋움, dotum; font-size: 12pt;"">일</span><span lang=""EN-US"" style=""font-family: 돋움, dotum; letter-spacing: 0pt; font-size: 12pt;"">(월</span><span lang=""EN-US"" style=""font-family: 돋움, dotum; letter-spacing: 0pt; font-size: 12pt;"">) 이내&nbsp;</span><span style=""font-family: 돋움, dotum; font-size: 12pt;"">개별연락</span></p><p class=""0"" style=""line-height: 1.8;""><span style=""font-family: 돋움, dotum; font-size: 12pt;"">&nbsp;</span></p><p class=""0"" style=""line-height: 1.8;""><span style=""font-family: 돋움, dotum; letter-spacing: 0pt; font-size: 12pt;"">❍&nbsp;</span><span style=""font-family: 돋움, dotum; font-size: 12pt;"">모집대상</span><span lang=""EN-US"" style=""font-family: 돋움, dotum; letter-spacing: 0pt; font-size: 12pt;"">:&nbsp;</span><span style=""font-family: 돋움, dotum; font-size: 12pt;"">부산 소재의 만</span><span lang=""EN-US"" style=""font-family: 돋움, dotum; letter-spacing: 0pt; font-size: 12pt;"">50</span><span style=""font-family: 돋움, dotum; font-size: 12pt;"">세</span><span lang=""EN-US"" style=""font-family: 돋움, dotum; letter-spacing: 0pt; font-size: 12pt;"">~</span><span style=""font-family: 돋움, dotum; font-size: 12pt;"">만</span><span lang=""EN-US"" style=""font-family: 돋움, dotum; letter-spacing: 0pt; font-size: 12pt;"">69</span><span style=""font-family: 돋움, dotum; font-size: 12pt;"">세&nbsp;</span><span lang=""EN-US"" style=""font-family: 돋움, dotum; letter-spacing: 0pt; font-size: 12pt;"">/ 40</span><span style=""font-family: 돋움, dotum; font-size: 12pt;"">명</span></p><p class=""0"" style=""line-height: 1.8;""><span style=""font-family: 돋움, dotum; font-size: 12pt;"">&nbsp;</span></p><div id=""hwpEditorBoardContent"" class=""hwp_editor_board_content"" data-hjsonver=""1.0"" data-jsonlen=""10575""></div><p style=""line-height: 1.8;""><span style=""font-family: 돋움, dotum; letter-spacing: 0pt; font-size: 12pt;"">❍&nbsp;</span><span style=""font-family: 돋움, dotum; font-size: 12pt;"">조건</span><span lang=""EN-US"" style=""font-family: 돋움, dotum; letter-spacing: 0pt; font-size: 12pt;"">:&nbsp;</span><span style=""font-family: 돋움, dotum; font-size: 12pt;"">스마트폰사용 및 모바일데이터 사용 가능자</span><span lang=""EN-US"" style=""font-family: 돋움, dotum; letter-spacing: 0pt; font-size: 12pt;"">(</span><span style=""font-family: 돋움, dotum; font-size: 12pt;"">노인일자리 참여자</span><span lang=""EN-US"" style=""font-family: 돋움, dotum; letter-spacing: 0pt; font-size: 12pt;"">,&nbsp;</span><span style=""font-family: 돋움, dotum; font-size: 12pt;"">실업급여 대상자 제외</span><span lang=""EN-US"" style=""font-family: 돋움, dotum; letter-spacing: 0pt; font-size: 12pt;"">)</span></p><p style=""line-height: 1.8;""><span lang=""EN-US"" style=""font-family: 돋움, dotum; letter-spacing: 0pt; font-size: 12pt;"">&nbsp;</span></p><p style=""line-height: 1.8;""><span lang=""EN-US"" style=""font-family: 돋움, dotum; letter-spacing: 0pt; font-size: 12pt;""></span><span style=""font-family: 돋움, dotum; font-size: 16px;"">❍</span><span style=""font-family: 돋움, dotum; font-size: 16px;"">&nbsp;진행일시: 2024년 10월 29일(화) 13시~17시</span><span style=""font-family: 돋움, dotum; font-size: 12pt; letter-spacing: 0pt;"">​</span></p><p style=""line-height: 1.8;""><span lang=""EN-US"" style=""font-family: 돋움, dotum; letter-spacing: 0pt; font-size: 12pt;"">&nbsp;</span></p><p class=""0"" style=""line-height: 1.8;""><span style=""font-family: 돋움, dotum; letter-spacing: 0pt; font-size: 12pt; color: rgb(85, 85, 85);"">❍&nbsp;</span><span style=""font-family: 돋움, dotum; font-size: 12pt; color: rgb(85, 85, 85);"">신청방법: 온라인 신청</span><span style=""background-color: rgb(255, 255, 255); color: rgb(85, 85, 85); font-family: 나눔바른고딕; font-size: 12pt; letter-spacing: 0pt;"">☞주소클릭&nbsp;</span>(<a href=""https://docs.google.com/forms/d/1u__CV3op1go-J4x2JlmeE-NUAFMuSg6pgHJkhzGLTDA/edit"" target=""_self"">https://docs.google.com/forms/d/1u__CV3op1go-J4x2JlmeE-NUAFMuSg6pgHJkhzGLTDA/edit</a>)</p><p class=""0"">&nbsp;</p><p class=""0""><span style=""font-family: 돋움, dotum; font-size: 16px;"">❍신청관련 문의 : 부산광역시 장노년일자리지원센터 김소현 주임(070-4048-7097)</span>​</p><div id=""hwpEditorBoardContent"" class=""hwp_editor_board_content"" data-hjsonver=""1.0"" data-jsonlen=""9742""></div>&nbsp;​<p>&nbsp;</p><p>&nbsp;</p><p>&nbsp;</p><p>&nbsp;</p><p>&nbsp;</p><p>&nbsp;</p>
								</div>",0
DX-Academy 기초역량 교육 수강생 모집,부산여자대학교,개인,2024-08-30 09시~2024-12-31 18시,2024-08-30~2024-12-31,기타,https://docs.google.com/forms/d/1utbZFRGYVrpA7YveFl40TcatshOnqe8-mAhcMDdIXiI/viewform?edit_requested=true,DX교육운영센터,DX교육운영센터,051-850-5919,-,https://www.busanjob.net/03_part/part01_view.asp?idx=16243&page=1&params=search_mode%3DY%26search_save%3DN%26keyword%3D%26kind1_type%3DP%26kind1_type_k%3DP%26kind2_type%3DJP04%26kind2_type%3DJP05%26kind2_type_k%3DJP04%252CJP05,"<div class=""view_detail"">
									<b><span style=""font-size: 14pt;"">👨신청안내</span><span style=""font-size: 18.6667px;"">👩</span></b><span style=""font-size: 14pt;""></span><div><span style=""font-size: 14pt;"">• 모집대상 : 신중장년층 (35세 ~ 60세)</span></div><div><span style=""font-size: 14pt;"">• 신청기한 : 상시 신청 가능</span></div><div><span style=""font-size: 14pt;"">• 신청방법 : 전화문의 / 신청 QR코드로 신청서 작성</span></div><div><span style=""font-size: 18.6667px;"">&nbsp;</span><span style=""font-size: 18.6667px;"">↓</span><span style=""font-size: 18.6667px;"">​&nbsp;</span><span style=""font-size: 18.6667px;"">신청링크 ↓</span></div><div><span style=""font-size: 14pt;""></span><span style=""font-size: 18.6667px;""><a href=""https://docs.google.com/forms/d/1utbZFRGYVrpA7YveFl40TcatshOnqe8-mAhcMDdIXiI/viewform?edit_requested=true"" target=""_blank""><b><span style=""background-color: rgb(255, 239, 0);"">https://docs.google.com/forms/d/1utbZFRGYVrpA7YveFl40TcatshOnqe8-mAhcMDdIXiI/viewform?edit_requested=true</span></b></a></span><span style=""font-size: 14pt;"">​</span></div><div><br></div><div><span style=""font-size: 14pt;""></span><b><span style=""font-size: 14pt;"">👨</span><span style=""font-size: 14pt;"">​</span><span style=""font-size: 14pt;"">주요내용</span><span style=""font-size: 18.6667px;"">👩</span></b><span style=""font-size: 14pt;"">​</span></div><div><span style=""font-size: 14pt;"">• 교육 일정 : 과정별 정원 모집 완료 시 교육 진행 예정 (과정당 40명)</span></div><div><span style=""font-size: 14pt;"">• 교육 장소 : 부산여자대학교(한 소속 내 다수인원 신청시 출장교육 가능)</span></div><div><span style=""font-size: 14pt;"">• 참여 비용: 전액 무료</span></div><div><br></div><div><span style=""font-size: 14pt;""></span><b><span style=""font-size: 14pt;"">👨</span><span style=""font-size: 14pt;"">​</span><span style=""font-size: 14pt;"">교육과정</span><span style=""font-size: 18.6667px;"">👩</span></b><span style=""font-size: 14pt;"">​</span></div><div><span style=""font-size: 14pt;"">• EHS AI 슈퍼바이저 양성 과정 : 데이터 레이블러, 어노페이션 라벨링 실무 고도화</span></div><div><span style=""font-size: 14pt;"">• EHS RM 슈퍼바이저 양성 과정 : 위험관리 시스템 리뷰어 실무</span></div><div><br></div><div><span style=""font-size: 14pt;""></span><b><span style=""font-size: 14pt;"">👨</span><span style=""font-size: 14pt;"">​</span><span style=""font-size: 14pt;"">​</span><span style=""font-size: 14pt;"">참여혜택</span><span style=""font-size: 18.6667px;"">👩</span></b><span style=""font-size: 14pt;"">​</span></div><div><span style=""font-size: 14pt;"">• 교육 과정멸 전문 수료증 발급</span></div><div><span style=""font-size: 14pt;"">• 교육생 1:1 개인별 직무전환 멘토링</span></div><div><span style=""font-size: 14pt;"">• 산업체 전문가 특강 진행</span></div><div><span style=""font-size: 14pt;"">• 취창업 프로그램 진행</span></div><div><br></div><div><span style=""font-size: 14pt;"">• 문의사항 : 부산여자대학교 DX교육운영센터로 전화문의</span></div><div><span style=""font-size: 14pt;"">&nbsp; &nbsp; &nbsp; &nbsp; &nbsp; &nbsp; &nbsp; 051) 850-3053 / 051) 850-5919</span><br></div><div><span style=""font-size: 14pt;""><br></span></div><div><span style=""font-size: 14pt;""><img src=""/upload/editor/20240830112815.jpg"" title=""20240830112815.jpg""><br style=""clear:both;"">​</span></div><p>&nbsp;</p><p>&nbsp;</p><p>&nbsp;</p>
								</div>",0
리터러시 강화교육 수강생 모집,부산여자대학교,개인,2024-08-12 09시~2024-12-31 18시,2024-08-12~2024-12-31,기타,https://docs.google.com/forms/d/1s43U9EgOmVxQu-jvrXLL1hZHfgSpfDz1paLiWQ6uV9A/edit,DX교육운영센터,DX교육운영센터,051-850-3053,-,https://www.busanjob.net/03_part/part01_view.asp?idx=15580&page=1&params=search_mode%3DY%26search_save%3DN%26keyword%3D%26kind1_type%3DP%26kind1_type_k%3DP%26kind2_type%3DJP04%26kind2_type%3DJP05%26kind2_type_k%3DJP04%252CJP05,"<div class=""view_detail"">
									<div style=""text-align: center;"" align=""center""><span style=""font-size: 18pt;""><b>DX-Academy</b></span></div><div style=""text-align: center;"" align=""center""><span style=""font-size: 18pt;""><b>리터러시 강화교육 수강생 모집</b></span></div><div><br></div><div><br></div><div><span style=""font-size: 14pt;""><b>*신청안내*</b></span></div><div><span style=""font-size: 14pt;"">- 모집대상 : 신중장년층(35세~60세)</span></div><div><span style=""font-size: 14pt;"">- 신청기한 : 상시 신청 가능</span></div><div><span style=""font-size: 14pt;"">- 신청방법 : 전화문의 / 신청 QR로 신청서 작성</span></div><div><span style=""font-size: 14pt;"">- 문의사항 : 부산여자대학교 DX 교육운영센터로 전화문의(051-850-3053 / 051-850-5919)</span></div><div><br></div><div><span style=""font-size: 14pt;""><b>*주요내용*</b></span></div><div><span style=""font-size: 14pt;"">- 교육일정 : 과정별 정원 모집 완료 시 교육진행 예정(과정당 20명)</span></div><div><span style=""font-size: 14pt;"">- 교육장소 : 부산여자대학교(한 소속 내 다수인원 신청시 출장교육 가능)</span></div><div><span style=""font-size: 14pt;"">- 참여비용 : 전액 무료</span></div><div><br></div><div><span style=""font-size: 14pt;""><b>*교육과정*</b></span></div><div><span style=""font-size: 14pt;"">- 건강관리를 위한 스마트 기기활용</span></div><div><span style=""font-size: 14pt;"">- Social - Service Tech 역량교육</span></div><div><span style=""font-size: 14pt;"">- 보건의료서비스분야 DX역량</span></div><div><span style=""font-size: 14pt;"">- 디지털콘텐츠 활용 건강관리 역량교육</span></div><div><br></div><div><span style=""font-size: 14pt;""><b>*참여혜택*</b></span></div><div><span style=""font-size: 14pt;"">- 교육과정별 전문 수료증 발급</span></div><div><span style=""font-size: 14pt;"">- 교육생 1:1개인별 직무전환 멘토링</span></div><div><span style=""font-size: 14pt;"">- 산업체 전문가 특강 진행</span></div><div><span style=""font-size: 14pt;"">- 취창업 프로그램 진행</span></div><div><br></div><div><span style=""font-size: 14pt;""><b>*DX리터러시 강화교육*</b></span></div><div><span style=""font-size: 14pt;"">- 모집인원 : 20명(50%)</span></div><div><span style=""font-size: 14pt;"">- 성적우수생 : 1(5%) / 15만원</span></div><div><span style=""font-size: 14pt;"">- 우수교육참여생 : 3(15%) / 10만원</span></div><div><span style=""font-size: 14pt;"">- 우수참여 및 교육지원 : 6(30%) / 5만원</span></div><div><span style=""font-size: 14pt;""><br></span></div><div><span style=""font-size: 14pt;""><img src=""/upload/editor/20240812143006.png"" title=""20240812143006.png""><br></span></div><div></div><p><span style=""font-size: 18.6667px;""><img src=""/upload/editor/20240812143015.png"" title=""20240812143015.png""><br style=""clear:both;"">&nbsp;</span></p>
								</div>",0
′2024년 부산형 시니어 채용지원사업′ 구직자 모집,부산경영자총협회,개인,2024-07-31 09시~2024-12-31 18시,2024-07-31~2024-12-31,기타,https://bsefapp.co.kr/board/joboffer,기업지원팀,기업지원팀,051-647-5186,-,https://www.busanjob.net/03_part/part01_view.asp?idx=15200&page=1&params=search_mode%3DY%26search_save%3DN%26keyword%3D%26kind1_type%3DP%26kind1_type_k%3DP%26kind2_type%3DJP04%26kind2_type%3DJP05%26kind2_type_k%3DJP04%252CJP05,"<div class=""view_detail"">
									<div style=""text-align: center;"" align=""center""><span style=""font-size: 14pt;"">부산경영자총협회에서는<b> ′2024년 부산형 시니어 채용지원사업′ </b>구직자를 모집합니다.</span></div><div style=""text-align: center;"" align=""center""><span style=""font-size: 14pt;"">다양한 직무와 함께 주 15시간 단기근로가능 직무까지~!</span></div><div style=""text-align: center;"" align=""center""><br></div><div style=""text-align: center;"" align=""center""><span style=""font-size: 14pt;"">자세한 구인 내용은 아래의 카드뉴스를 클릭해주십시오.</span></div><p style=""text-align: center;"">&nbsp;</p><p style=""text-align: center;""><a href=""https://bsefapp.co.kr/board/joboffer"" target=""_blank""><img src=""/upload/editor/20240731100112.png"" title=""20240731100112.png""></a><br style=""clear:both;"">&nbsp;</p><p>&nbsp;</p>
								</div>",0
부산형 시니어 적합직무 채용지원사업 참여자 모집,부산경영자총협회,개인,2024-05-01 09시~2024-12-31 18시,2024-05-01~2024-12-31,,,차지은,기업지원팀,051-647-5186,bs60@bsef.kr,https://www.busanjob.net/03_part/part01_view.asp?idx=14953&page=1&params=search_mode%3DY%26search_save%3DN%26keyword%3D%26kind1_type%3DP%26kind1_type_k%3DP%26kind2_type%3DJP04%26kind2_type%3DJP05%26kind2_type_k%3DJP04%252CJP05,"<div class=""view_detail"">
									<span style=""font-family: "" noto="""" sans"",="""" ""noto="""" sans="""" kr"",="""" gmarketsans,="""" ""맑은="""" 고딕"",="""" malgungothic,="""" sans-serif;="""" box-sizing:="""" border-box;="""" background-color:="""" rgb(255,="""" 255,="""" 255);="""" font-size:="""" 24pt;""=""""><span style=""box-sizing: border-box; font-size: 24pt;"">2024 부산 시니어 적합직무 채용 지원사업의 구직자를 모집합니다.</span>&nbsp;</span><div style=""font-family: "" noto="""" sans"",="""" ""noto="""" sans="""" kr"",="""" gmarketsans,="""" ""맑은="""" 고딕"",="""" malgungothic,="""" sans-serif;="""" box-sizing:="""" border-box;="""" color:="""" rgb(102,="""" 102,="""" 102);="""" font-size:="""" 16px;="""" background-color:="""" rgb(255,="""" 255,="""" 255);""=""""><br style=""box-sizing: border-box;""></div><div style=""font-family: "" noto="""" sans"",="""" ""noto="""" sans="""" kr"",="""" gmarketsans,="""" ""맑은="""" 고딕"",="""" malgungothic,="""" sans-serif;="""" box-sizing:="""" border-box;="""" color:="""" rgb(102,="""" 102,="""" 102);="""" font-size:="""" 16px;="""" background-color:="""" rgb(255,="""" 255,="""" 255);""=""""><span style=""box-sizing: border-box; font-size: 18pt; color: rgb(255, 0, 0);""><span style=""box-sizing: border-box; font-size: 18pt;""><b>참여방법</b></span></span></div><div style=""font-family: "" noto="""" sans"",="""" ""noto="""" sans="""" kr"",="""" gmarketsans,="""" ""맑은="""" 고딕"",="""" malgungothic,="""" sans-serif;="""" box-sizing:="""" border-box;="""" color:="""" rgb(102,="""" 102,="""" 102);="""" font-size:="""" 16px;="""" background-color:="""" rgb(255,="""" 255,="""" 255);""=""""><br style=""box-sizing: border-box;""></div><div style=""font-family: "" noto="""" sans"",="""" ""noto="""" sans="""" kr"",="""" gmarketsans,="""" ""맑은="""" 고딕"",="""" malgungothic,="""" sans-serif;="""" box-sizing:="""" border-box;="""" color:="""" rgb(102,="""" 102,="""" 102);="""" font-size:="""" 16px;="""" background-color:="""" rgb(255,="""" 255,="""" 255);""=""""><span style=""box-sizing: border-box; font-size: 18pt; color: rgb(0, 0, 0);"">부산일자리정보망 회원가입&nbsp; →&nbsp; JOB프로그램&nbsp; →&nbsp; 시니어 적합직무 검색&nbsp;</span></div><p><span style=""font-size: 18pt; background-color: rgb(255, 255, 255); font-family: "" noto="""" sans"",="""" ""noto="""" sans="""" kr"",="""" gmarketsans,="""" ""맑은="""" 고딕"",="""" malgungothic,="""" sans-serif;""="""">→ 시니어적합직</span><span style=""background-color: rgb(255, 255, 255); font-family: "" noto="""" sans"",="""" ""noto="""" sans="""" kr"",="""" gmarketsans,="""" ""맑은="""" 고딕"",="""" malgungothic,="""" sans-serif;="""" box-sizing:="""" border-box;="""" font-size:="""" 24pt;""="""">​</span><span style=""font-size: 18pt; background-color: rgb(255, 255, 255); font-family: "" noto="""" sans"",="""" ""noto="""" sans="""" kr"",="""" gmarketsans,="""" ""맑은="""" 고딕"",="""" malgungothic,="""" sans-serif;""="""">무 채용관 바로가기&nbsp;</span><span style=""background-color: rgb(255, 255, 255); box-sizing: border-box; color: rgb(58, 50, 195); text-decoration-line: none;""><a href=""http://jobfair.busanjob.net/senior"" target=""_self"" style=""font-family: "" noto="""" sans"",="""" ""noto="""" sans="""" kr"",="""" gmarketsans,="""" ""맑은="""" 고딕"",="""" malgungothic,="""" sans-serif;="""" font-size:="""" 18pt;""="""">jobfair.busanjob.net/senior</a>&nbsp;</span><span style=""font-size: 18pt; background-color: rgb(255, 255, 255); font-family: "" noto="""" sans"",="""" ""noto="""" sans="""" kr"",="""" gmarketsans,="""" ""맑은="""" 고딕"",="""" malgungothic,="""" sans-serif;""="""">→ </span></p><p><span style=""font-size: 18pt; background-color: rgb(255, 255, 255); font-family: "" noto="""" sans"",="""" ""noto="""" sans="""" kr"",="""" gmarketsans,="""" ""맑은="""" 고딕"",="""" malgungothic,="""" sans-serif;""="""">로그인 및 참여신청서 업로드&nbsp; →&nbsp; 입사지원</span></p><p><span style=""font-size: 18pt; background-color: rgb(255, 255, 255); font-family: "" noto="""" sans"",="""" ""noto="""" sans="""" kr"",="""" gmarketsans,="""" ""맑은="""" 고딕"",="""" malgungothic,="""" sans-serif;""="""">&nbsp;</span></p><p><span style=""font-size: 18pt; background-color: rgb(255, 255, 255); font-family: "" noto="""" sans"",="""" ""noto="""" sans="""" kr"",="""" gmarketsans,="""" ""맑은="""" 고딕"",="""" malgungothic,="""" sans-serif;""=""""><a href=""https://jobfair.busanjob.net/senior"" target=""_self""><img src=""/upload/editor/20240723182754.png"" title=""20240723182754.png""></a>&nbsp;</span></p><p>&nbsp;</p><p>&nbsp;</p><p>&nbsp;</p>
								</div>",0
