id,combined_cleaned
1,시니어 통합돌봄분야 역량강화교육 진취형 부산광역시 장노년일자리지원센터
2,디지털 일자리 교육 디지털 크리에이터 과정 월 교육생 모집 진취형 부산광역시 장노년일자리지원센터
3,디지털 리터러시 강사과정 진취형 부산광역시 장노년일자리지원센터
4,제회 해운대 멍때리기 대회 개최 예술형 부산광역시 해운대구청
5,년 건축도장기능사 양성교육 진취형 부산광역시 북구청
6,건설현장 신호수이동식크레인고소작업대 조종자격 교육 신청자 모집 공고 현실형 부산광역시 부산진구청
7,년 마이스 산업 성수기 시즌 특화 인력 매칭 사업부제마이스테프 참여자 모집 공고 부산경제진흥원은 고용노동부 부산광역시와 함께 부산 지역 마이스 기업의 성수기 시즌 구인을 촉진하고 인력난 완화를 지원하기 위한 년 마이스 산업 성수기 시즌 특화 인력 매칭 사업 부제 마이스태프 의 참여자 모집을 아래와 같이 공고하오니 많은 참여바랍니다  사업개요 사 업 명   마이스 산업 성수기 시즌 특화 인력 매칭 사업 부제 마이스테프 지원규모 일당 만원 추가 지급 총 건 시간 이상 근로 기준 지원대상 페스티벌 시월 행사 참여 스태프 지원내용 기업 매칭 후 행사 스태프 활동 시 추가 지급 활동비 일당 만원 지원 근로계약서 상 원 시간 작성시 원 지급되어야하지만 활동비 만원 추가되어 참여스태프에 총 만원 지급 일당 지급 기준은 일 시간이상 근로하여야 인정 매칭 인력 대상 현장 투입 역량 강화를 위한 사전 교육 참여 필수 사전 교육  수  금 日 중 日 참석 필수 모집기간   월   일  신청방법 신청기간   월    일   신청방법 부산일자리정보망 바로가기 __을 통한 신청 및 접수 상단 배너 참여하기 프로그램 마이스 산업 성수기 시즌 특화 인력 매칭 사업 클릭 신청 및 지원 절차문 의 처 부산경제진흥원 동부산일자리종합센터 탐구형 부산경제진흥원
8,아시아 창업 엑스포  어워즈 시민평가단 모집 탐구형 부산테크노파크
9,무료강좌 신입직원의 힐링을 위한 나만의 티셔츠 만들기 많은 관심과 참여 부탁드리겠습니다 감사합니다 예술형 부산경영자총협회
10,기초역량 교육 수강생 모집 사회형 부산여자대학교
11,리터러시 강화교육 수강생 모집 진취형 부산여자대학교
12,년 부산형 시니어 채용지원사업 구직자 모집 _ 사회형 부산경영자총협회
13,부산형 시니어 적합직무 채용지원사업 참여자 모집 시니어적합직 무 채용관 바로가기 _ 로그인 및 참여신청서 업로드 입사지원 _ 사회형 부산경영자총협회
14,우리의 성장이야기  부산일자리정보망 참여후기 이벤트 부산일자리정보망에서 참여한 프로그램드림옷장 디딤돌카드 기쁨카드 취업후기의 후기를 작성하고 추첨을 통해 네이버페이도 받자 부산일자리정보망으로부터 시작된 여러분의 이야기를 들려주세요 사회형 부산경제진흥원
15,국민취업지원제도 이음길 취업에 대한 고민 이음길에서 나누고 돕겠습니다 어떤 취업 지원 서비스가 있을까요 직업심리검사로 나를 파악할 수 있어요 서류 작성 면접에 대한 고민 함께 해결해 나가요 유형에 따라 생계지원금도 받을 수 있어요이음길이 제공하는 특별한 취업 지원 서비스로 국민취업지원제도를더욱가치있게만들어보세요 아래 이미지를 클릭하시면 이음길과 함께 하는 사회형 고용노동부
16,신중년 경비원 양성을 위한 일반경비원 신임교육 교육비 지원 현실형 부산광역시 장노년일자리지원센터
17,부산형 관광마이스업 일자리 채움 지원금 참여자 모집 부산형 관광마이스업 일자리 채움 지원금 사업을 운영 합니다 부산 관광마이스 기업에 신규입사자 또는 입사예정자분들의 많은 관심과 참여 바랍니다 유형 선착순 마감완료 신청시 예비번호 부여 제출 서류 신청 기간   월  토 정규직취업일로부터 개월이내 사업 신청 지원 규모 명 예산범위 내 인원 소진 시 까지 유형은 선착순 마감되었습니다 다만 신청하시면 예비번호를 부여받게 되며 예산 증액 등 인원 조정시 예비순위대로 선발예정입니다 상황에 따라 선발되지 않을 수 있습니다 신청 방법 아래 신청하기 버튼 클릭 후 서류 제출 지원 대상 부산 소재 관광 마이스 기업에   월 이후소정근로시간 주 시간 이상 정규직으로 취업한 부산시 거주자 만 세 이상 관광마이스분야 지원업종 기준①여행업 ②관광숙박업 ③면세점업 ④전시 국제회의업 ⑤유원시설업 사업장 총괄카드 상 업종코드가 지원업종에 해당하지 않더라도 아래에 해당하는 기업 관광 마이스 관련 협회 및 단체 회원사인 사업장 자치단체에서 관광사업자등록증 전시사업자등록증 발급받은 사업장 지원 내용 정규직 취업 후 년 근속 시 최대 만원지원금 지급 정규직 취업일 기준 개월 근속 유지 확인 후 회차 지원금 개월 분 만원 을 지급하며 이후 지원금은 매월 근로자 근속 유지 확인 후 분할 지급 단 월 이후 입사자에 한해 개월 단위로 지급 휴가비 지원 인당 만원 정액 지급 아래 조건을 모두 충족하는 경우 특정 시점에 일괄지급① 워크넷을 통해알선취업또는 워크넷을 통해 직접 입사지원 한 자② 일 이상휴가를 사용한 자 관련 증빙자료 제출 관련문의 부산경제진흥원 동부산 일자리종합센터 자세한 내용은 첨부파일을 참고 바랍니다 붙임  년 관광 마이스업 플러스 일자리사업 통합 공고문수정붙임  부산형 관광 마이스업 일자리 채움 지원금 사업 신청 서식 탐구형 부산경제진흥원
18,신중년의 성공적인 재취업을 위한 취업역량 강화교육 사회형 부산광역시 장노년일자리지원센터
19,영도 로컬 카페창업 시그니처 클래스 신청자 모집 탐구형 부산광역시 영도구청
20,무료강좌 원데이클래스추석 선물 만들기전통키링만들기 예술형 부산경영자총협회
21,드론영상촬영 및 디지털 영상편집 교육특강 진취형 부산경상대학교
22,무료강좌 요즘 친구들의 매너있는 직장생활과 스마트한 업무 소통법 사회형 부산경영자총협회
23,무료강좌 신입에서 일잘러로 레벨 되기 사회형 부산경영자총협회
24,토퍼아트 이달의 오픈클래스 교육내용 무점포 소자본 창업 아이템 토퍼아트 모집인원 선착순 명신청인원이 많을 시 부산진구 거주자 우선 모집대상 부산거주 청년만 세 이상 세 이하 및 시민 교육문의 교육 담당자 예술형 주스마트소셜
25,시니어 구직자 카운슬링차 사회형 부산경제진흥원
26,월 원데이 클래스 이니셜 은반지 만들기 신청링크 상단 기재문의 교육담당자 예술형 주스마트소셜
27,년 수영구민 취업프로젝트 함께 잡아요 내 일수영구청 가정관리사 전문가 양성과정 수영구 가정관리사 전문가 양성과정    가정관리사 전문가  양성과정 이론 및 실습    교육기간     년 월일   화   월 일수    교육대상 세 이상 수영구 거주 여성  수영구 거주자 취업의지가 있는 자    신청방법  수영구 일자리종합센터 근무시간 내 방문접수    신분증필수   점심시간  수영구 일자리종합센터       사회형 부산광역시 수영구청
28,직업상담사 급 심리상담사 급 자격증 취득 과정 사회형 부산광역시 연제구청
29,무료강좌 공인노무사와 함께하는 산업안전보건교육경력 및 신입 대상 진취형 부산경영자총협회
30,일이면 나도 온라인 쇼핑몰 창업교육 수강생 모집 탐구형 부산광역시 북구청
31,연제 둘레길 해설사 양성과정 사회형 부산광역시 연제구청
32,년 부산진구 경비원 양성 교육하반기 참여자 모집 공고 현실형 부산광역시 부산진구청
33,일자리종합센터 월수영구 슬기로운 창생활 탐구형 부산광역시 수영구청
34,영도여성일드림센터 정리수납 특강 사회형 부산광역시 영도구청
35,제회 누구나 들을 수 있는 창업 강연재주상회 고선영 대표 탐구형 부산광역시 영도구청
36,무료강좌 마케팅전문가 급 발급 과정 탐구형 부산경영자총협회
37,직장 스트레스 해소를 위한 핸드메이드 가죽지갑 만들기 예술형 부산경영자총협회
38,부산 청년잡 성장프로젝트 신입직원 온보딩 교육 사회형 부산경영자총협회
39,초기 창업자를 위한 세무 기초 강연 진취형 부산광역시 영도구청
40,연제구 중장년층 가사서비스 전문인력 양성교육 사회형 부산광역시 연제구청
41,동구 범일초등학교 일대 공공디자인 진단을 위한 주민 참여자 모집 예술형 부산광역시의회
42,부산 청년잡 성장프로젝트 번아웃 방지를 위한 댕냥이 원데이클래스 사회형 부산경영자총협회
43,입사지원서 컨설팅  주차 불가 대중교통 이용 바랍니다 진취형 주스마트소셜
44,년 하반기 영도 창업오피스 입주기업팀 모집 탐구형 부산광역시 영도구청
45,부산 청년잡 성장프로젝트신입직원 온보딩자격증 발급과정 사회형 부산경영자총협회
46,부산 인턴십참여기업 하반기 모집 공고 문 의 처 장노년일자리혁신팀 박정언 대리 탐구형 부산광역시 장노년일자리지원센터
47,물려줄 결심 참가자 모집 사회형
48,나는 강사다 탐구형 부산연구원
49,아로마오일 활용 클레이 비누 만들기 이달의 오픈클래스 부산진구 청년창조발전소에서 이 달의 오픈클래스 공방체험아로마오일 활용 클레이비누 만들기 교육 참여 교육생을 모집합니다 교육일시 년 월 일목   시간 모집인원 선착순 명신청인원이 많을 시 부산진구 거주자 우선 모집대상 부산거주 청년만 세 이상 세 이하 및 시민 교육장소 부산진구 청년창조발전소 지하 층 부산 부산진구 대학로번길  교육문의 교육 담당자 예술형 주스마트소셜
50,제회 누구나 들을 수 있는 창업 강연 탐구형 부산광역시 영도구청
51,신중년 적합직종 양성교육 약국사무원 양성과정 현실형 부산광역시 장노년일자리지원센터
52,캠퍼스 리빙랩 지역문제 해결 아이디어 공모전 나눔부산 청년이 주도하는 리빙랩 지역문제 해결 아이디어 공모전이 돌아왔습니다 나눔참가자를 위한 다양한 활동 혜택이 기다리고 있으며 미래 부산 스마트시티를 이끌 청년창업가를 발굴하기 위해 나눔유익한 콘텐츠를 마련하였으니 많은 관심 부탁드립니다 나눔 지원대상 나눔 부산지역 대학원생 및 예비창업자 등 부산 청년만 세세 나눔 부산광역시에 주민등록이 되어있거나 부산광역시에 소재한 직장사업장학교에 소속된 청년 나눔 공고일 기준 청년 연령 기준  세      출생자 나눔 모집기간 월 금까지 나눔 지원규모 명 내외명 내외 나눔 지원단위 나눔 인 이상으로 구성된 팀개인 단위 신청 불가 신청 시 참가팀원 개별 전원 신청 나눔 지원내용 나눔 지역사회 문제를 해결하고자 하는 청년 대상 리빙랩 방법론을 통해 창의적인 사고 함양과 아이디어 실현 교육 등 프로그램 운영 나눔  화수부산 청년 참가자 대상 기업가정신교육 및 전담 퍼실리테이터 매칭 필참 요망 나눔  월 중 멘토링 및 리서치 활동을 통한 아이디어 도출 지원 나눔  월 말 우수팀개팀 선발을 위한 중간평가회 실시 나눔  월 중 우수팀 대상 심화 멘토링 제공 제작을 위한 활동지원금 지급팀별 만원 창업기업 창업지원공간 견학 및 창업 특강 실시 등 나눔  월 말 최종평가회 운영을 통한 최우수팀개팀 선정 및 시상부산광역시장상 나눔 신청방법 나눔 구글폼 신청서 작성 및 필수파일 제출  _ 나눔 문의처 나눔 부산창조경제혁신센터 창업육성팀  _ 진취형 주스마트소셜
53,일상 속으로 들어온 생성형부터 디지털 헬스케어까지 진취형 주스마트소셜
54,라이스클레이떡공예부산진구 청년마루 월 마루쿠킹클래스 예술형 부산진구 청년마루
55,사회복지시설 시니어 아동돌봄강사 모집 사회형 재함께일하는재단
56,일자리종합센터 월수영구 슬기로운 창생활 돋움 탐구형 부산광역시 수영구청
57,제회 누구나 들을 수 있는 창업 강연 탐구형 부산광역시 영도구청
58,부산 청년잡 성장프로젝트신입직원 온보딩 사회형 부산경영자총협회
59,해녀바다맛 쿠킹클래스 과정 수강생 모집 예술형 부산광역시 영도구청
60,온라인 창업을 위한 남구 커머스 아카데미 탐구형 부산광역시 남구청
61,년 상반기 경비원 양성 교육과정 참여자 모집 안내 현실형 부산광역시 해운대구청
62,부산형 시니어 적합직무 채용 문의 사부산경영자총협회  사회형 부산경영자총협회
63,년 수영구민 취업프로젝트 함께 잡아요 내 일수영구 산모신생아 건강관리사 양성과정 사회형 부산광역시 수영구청
64, 채용촉진 구직자 모집 사회형 부산경영자총협회
65,월 스타트 영도 누구나 들을 수 있는 창업 강연 탐구형 부산광역시 영도구청
66,향토기업 연계 신중년 보안인력 양성 아카데미 현실형 부산광역시 남구청
67,년 청년면접컨설팅 면접 사회형 부산경영자총협회
68,구직준비도 직업흥미검사구직 역량강화프로그램 신청방법 아래 신청하기 또는 전화접수 진취형 부산경제진흥원
69,워크넷 활용교육구직 역량강화프로그램 모바일휴대폰 워크넷 활용이 어려운 분들을 위한 워크넷 활용교육 부산일자리종합센터에서 이력서 등록 워크넷 입사지원 채용정보 탐색 등 알려드려요 선착순 마감 일시   수 시간 장소 부산청년창업허브 지하층 교육장 시청역번출구 국세청 옆건물 사전준비확인사항 본인명의 휴대폰본인인증절차 이력서 진취형 부산경제진흥원
70,년 제회 신중년 채용직무설명회 참여자 모집 사회형 부산광역시 장노년일자리지원센터
71,양성평등정책 모니터링단 모집 사회형 부산여성가족과 평생교육진흥원
72,스타트 영도 제회 누구나 들을 수 있는 창업 강연 탐구형 부산광역시 영도구청
73,무료한국표준협회 인공지능 전문가 양성을 위한 온라인 부트 캠프 진취형 한국표준협회
74,년 부산진구 경비원 양성 교육 현실형 부산광역시 부산진구청
75,책 읽어주는 북 나래이터 양성과정 등 자격과정 종 사회형 부산광역시 영도구청
76,마케팅취업관광컨벤션국제관광마케팅 실무교육 탐구형 부산예일직업전문학교
77,신중년 재취업 성공을 위한 종합지원 프로그램 사회형 부산광역시 장노년일자리지원센터
78,년 상반기 영도 창업오피스 입주기업팀 모집차 탐구형 부산광역시 영도구청
79,스타트 영도 누구나 들을 수 있는 창업 강연 탐구형 부산광역시 영도구청
80,국비전액지원 물류무역관리 실무자 양성 국제무역사 물류관리사 교육생 모집 예일홈페이지 __ 진취형 부산예일직업전문학교
81,산모신생아 건강관리사 양성교육 사회형 부산광역시 사하구청
82,년 상반기 영도 창업오피스 입주기업팀 모집 탐구형 부산광역시 영도구청
83,평생직업교육프로그램 진취형 부산경상대학교
84,기초역량 교육 진취형 부산경상대학교
85,디지털 리터러시초급 진취형 부산경상대학교
86,수정 푸드트럭 예비창업자 창업지원 프로그램 지원자 모집 탐구형 부산광역시 금정구청
87,구직자 레벨업 취업특강개별 맞춤형 특강 사회형 부산경제진흥원
88,교육부산중장년내일센터 월 프로그램 오프라인 교육은 선착순 조기마감 될 수 있습니다 사회형 노사발전재단
89,년 부산광역시 복지분야 디지털 조력자양성 과정 교육생모집 문의 카카오채널디지털드림센터 진취형 부산광역시 금정구청
90,년 사회적경제 창업 활성화 금정대학 수강생 모집 홍보 탐구형 부산광역시 금정구청
91,개별맞춤형 취업특강 진취형 부산경제진흥원
92,모집 취업알선형 조리원 직종교육 세대 재취업지원사업 현실형 부산광역시 장노년일자리지원센터
93,년 사회적경제 창업 활성화 금정대학기 탐구형 부산광역시 금정구청
94,년 사회적경제 창업 활성화 금정대학기 탐구형 부산광역시 금정구청
95,경력단절여성 일자리 지원 프로그램 현실형 부산경제진흥원
96, 전문간병사돌봄 실무자 양성 교육 과정 교육생 모집 안내 사회형 부산광역시 해운대구청
97,스마트팜 활용 마을기업 입문 현실형 부산광역시 연제구청
98,거제동 스마트폰 활용지도사 급 자격과정 진취형 부산광역시 연제구청
99,차 미취업자 사후관리 서비스 사회형 사하여성인력개발센터
100,부산진구 찐스타트업 캠퍼스 창업 토크 콘서트 참여자 모집 탐구형 부산광역시 부산진구청
101,부산일자리종합센터 구직자 취업스킬 코칭교육차 사회형 부산경제진흥원
102,면접 실전 프로그램 진취형 부산광역시 사상구청
103,교육부산중장년내일센터 월 프로그램 오프라인 교육은 선착순 조기마감 될수 있습니다 사회형 노사발전재단
104,부기와 함께하는 굿잡 부산 잡 페스티벌 부기투어 현재 부기투어 회차 회차  회차 는 신청 마감 되었습니다 신청 시 참고 부탁드립니다 탐구형 부산경제진흥원
105,수영구청 창업특강 입소문으로 잘 먹고 잘 사는 법초기마케팅특강 교육내용 입소문으로 잘 먹고 잘 사는 법 예비 및 초기 창업자를 위한 초기마케팅특강 일 시 수  시간소요 교육대상 예비 및 초기 창업자 수영구민 명 장 소 수영구청 중회의실 층 접수 방법 수영구일자리종합센터 본인 방문 신분증 지참 월 금 휴식시간 시 네이버폼 온라인접수가능   접수 기한 월 금 기타 사항 개인용 노트북 혹은 태블릿 모바일로도 가능 준비요망 주차장 협소 대중교통 이용바람 문의 수영구 일자리종합센터 탐구형 부산광역시 수영구청
106,년 동래구 사회적경제기업 창업아카데미 수강생 모집 탐구형 부산광역시 동래구청
107,북구 온라인 창업 비즈니스 아카데미 탐구형 부산광역시 북구청
108,교육부산중장년내일센터 월 프로그램 교육생모집 오프라인 교육은 선착순 조기마감 될수 있습니다 사회형 노사발전재단
109,에너지업 취업 박람회 신청자 모집 서부산 기계부품산업 에너지업 취업 박람회 신청자 모집 부산광역시와 부산경제진흥원에서 서부산권 기계부품산업 일자리 매칭 확대 및 구인난 해소를 위해  서부산 기계부품산업 에너지업 취업 박람회 를 아래와 같이 개최합니다 일시 년 월 일 화  장소 신라스테이 서부산 층 대연회장 돋움 행사당일 셔틀버스 운영 하단역 번출구 시분부터 매시간 정각분 행사장 출발 대상 서부산 기계부품산업 기업 취업 희망자 돋움 행사내용 현장면접 무료증명사진촬영 돋움 퍼스널컬러골격진단컨설팅 채용설명회 돋움 명사특강 사전신청 접수기한 년 월 일 월 시까지 사전신청 링크  _ 참여기업 주 성일터빈 오리온산업 주 일진정밀공업사 주 케이에스피 주 코밸 우성밸브 주 부곡스텐레스 주 세기정밀 주 오복전기 주식회사 나래전자 비엔스틸라주 돋움 채용직무 생산 및 가공직 연구개발직 품질 및 생산관리직 자재구매관리직 공무 경영지원직 영업관리직 설계직 등 기업소개 및 채용정보 상세 확인 돋움 주성일터빈  ____ 오리온산업주  ____ 일진정밀공업사  ____ 주케이에스피  ____ 주코밸  ____ 우성밸브주  ____ 부곡스텐레스주  ____ 세기정밀  ____ 주오복전기  ____ 주식회사 나래전자  ____ 비엔스틸라주  ____ 문의 부산경제진흥원 서부산 기계부품산업 일자리센터 사전신청자 선착순 스타벅스 기프티콘 지급 참여확인 후 현장 참여자 대상 다양한 기념품 제공 탐구형 부산경제진흥원
110, 북구 온라인 창업 학교 많은 관심과 참여 부탁드립니다 탐구형 주빛솔인재개발원
111,부산 반려동물 산업 아이디어 경진대회 참가자 모집 탐구형 부산경제진흥원
112,좋은 일자리 찾기 협력 프로젝트 국회부산도서관 사회형 부산경제진흥원
113,통계조사원 양성과정        번 진취형 사상여성인력개발센터
114,모집 취업연계형 룸메이드 직종교육 세대 재취업지원사업 현실형 부산광역시 장노년일자리지원센터
115,건설현장 비계 양성 교육참여자 모집 기간연장 현실형 부산광역시 부산진구청
116,센터내사진관 예술형 부산경제진흥원
117,교육부산중장년내일센터 월 프로그램 교육생모집 오프라인 교육은 선착순 조기마감 될수 있습니다 사회형 노사발전재단
118,심리안정 힐링특강 사회형 부산경제진흥원
119,교육 자율주행자동차 데이터 레이블러 교육 수강생 모집 진취형 부산광역시 북구청
120,수영구청 년 하반기 산모ㆍ신생아 건강관리사 양성과정 사회형 부산광역시 수영구청
121,통합 실버케어전문가 양성과정 사회형 사상여성인력개발센터
122,센터내사진관 매월  번째 수요일 서부산 기계부품산업 일자리센터를 방문하면 증명사진 촬영이 무료  기 간     번째 수요일 시  대 상 서부산 일자리센터 방문 구직자 회당 명 내외 선착순 촬영  운영방법 사진촬영 후 당일 보정 출력장 가능 합니다 각 회차별 적정 인원 선착순 마감되므로 예약 후 참여를 추천 드립니다 프로그램 참여 시 대기시간 발생할 수 있습니다  참여방법 방문접수 서부산 기계부품산업 일자리센터 사하구 낙동남로  정우헤리티지빌딩 층 전화접수 예술형 부산경제진흥원
123,헬스케어 서비스 전문가 양성과정 기 모집 사회형 부산광역시 수영구청
124,건설현장 비계 양성 교육 현실형 부산광역시 부산진구청
125,중장년 인생 모작 설계 준비 지원 교육 참여자 모집 사회형 부산광역시 동래구청
126,부산일자리종합센터 구직자 취업의욕 고취교육차 사회형 부산경제진흥원
127,교육 부산중장년내일센터 월 프로그램 교육생 모집 사회형 노사발전재단
128,특수고용직 일자리 지원 프로그램_주생각대로 현실형 부산경제진흥원
129,모집 취업연계형 가사관리 전문인력 양성 직종교육 세대 재취업지원사업 현실형 부산광역시 장노년일자리지원센터
130,부산일자리종합센터 컨설팅데이 사회형 부산경제진흥원
131,교육 부산중장년내일센터 월 프로그램 교육생 모집 사회형 노사발전재단
132,수영구청 창업특강 내 식당의 멘토 외식창업 필승전략    내 식당의 멘토    가 외식창업 필승전략   실패를 줄일 수 있는 전략적인 창업 아이템 설정 방법현직자와 함께 정보 공유하여 경쟁력 있는 장업 노하우 제공 교육기간 년 월 일 월 일 화 시 시 총 시간 교육대상수영구민 예비창업자 명 관내 수영구 창업자 년이내 신청방법수영구 일자리종합센터 방문접수 신분증필수 또는 네이버폼 온라인 접수 워크넷 구직등록필수   원주희 탐구형 부산광역시 수영구청
133,교육  해운대구 재능일자리 장애인활동지원사 교육생 모집 사회형 부산광역시 해운대구청
134,부산일자리종합센터 구직자 취업의욕 고취교육차 사회형 부산경제진흥원
135,모집 취업연계형 가사관리 전문인력 양성 직종교육 세대 재취업지원사업 현실형 부산광역시 장노년일자리지원센터
136,교육 자율주행자동차 데이테 레이블러 교육 수강생 모집 진취형 부산광역시 북구청
137,년 월동네방네 노무상담 무료 상담실 운영안내 사회형 부산광역시 해운대구청
138,교육  해운대구 객실관리사 양성과정 교육 사회형 부산광역시 해운대구청
139,교육 디지털 패턴 및 봉제기술 교육생 모집 공고 진취형 부산광역시 금정구청
140,지원사업 심리안정 프로그램 사회형 부산경제진흥원
141,부산중장년내일센터 월 프로그램 교육생 모집 사회형 노사발전재단
142,부산형 조선기자재업 내일채움공제 사업 참여 근로자 모집 _ 탐구형 부산상공회의소
143, 부산 공공기관 합동 채용설명회 사회형 부산광역시
144,부산일자리종합센터 취업의욕 고취교육 차 교육 신청 마감 사회형 부산경제진흥원
145, 부산여성고용포럼 _ _ _ _ 부산여성고용포럼 주제 부산 청년여성 노동시장 현황과 취업지원 과제 발표 부산 청년여성 노동시장 현황과 취업지원 과제 패널 토론 곽선화 교수 김행미 센터장 성우일 팀장 전미현 대표 일시   월  장소 부산시청 층 국제회의장 신청 코드 활용 및 유선 신청 문의처 사회형 부산광역시 여성회관
146,수영구청 산모ㆍ신생아 건강관리사 양성과정 사회형 부산광역시 수영구청
147,특강 구직자 레벨업 취업특강개별 맞춤형 특강 사회형 부산경제진흥원
148,서부산 기계부품산업 일자리센터 원스톱 면접 프로그램 현실형 부산경제진흥원
149,동부산 미니잡페어 백스코빌라쥬 드 아난티 오픈 룸메이드 채용 현실형 부산광역시 수영구청
150,지역특화형 비자 시범사업 설명회 진취형 부산광역시
151,한국표준협회 온라인 코딩 무료 교육생 모집 진취형 한국표준협회
152,연제구 스마트폰 활용지도사 급 자격과정 진취형 부산광역시 연제구청
153,에코 재생종이 공예 클래스 예술형 부산광역시 연제구청
154,월 오픈클래스 비지니스 매너 마케팅 진취형 부산광역시 연제구청
155,부산중장년내일센터 월 프로그램 교육생 모집 사회형 노사발전재단
156,수영구청 창업특강 변리사가 알려주는 지식재산권 진취형 부산광역시 수영구청
157,온라인 판매자 창업마스터 과정 수강생 모집 동래구는 온라인 창업에 관심있고 온라인을 기반으로 창업을 희망하는 예비창업자 또는 초기창업자를 대상으로 아래와 같이 온라인 판매자 창업마스터 과정을 운영합니다  문의처 동래여성인력개발센터 동래구 일자리경제과 탐구형 부산광역시 동래구청
158,수영구청 세무사가 알려주는 예비창업자 절세 노하우 진취형 부산광역시 수영구청
159,마감관광마이스업 내일채움공제참여자 모집 ___    붙임 부산형 관광마이스업 내일채움공제 사업 신청서식 관습형 부산경제진흥원
160,센터 내 사진관 매월  번째 수요일 서부산 기계부품산업 일자리센터를 방문하면 증명사진 촬영이 무료  기 간     번째 수요일 시  대 상 서부산 일자리센터 방문 구직자 회당 명 내외 선착순 촬영  운영방법 촬영 후 안내드리는 일자에 재방문시 보정된 사진을 제공해 드립니다 각 회차별 적정 인원 선착순 마감되므로 예약 후 참여를 추천 드립니다  참여방법 방문접수 서부산 기계부품산업 일자리센터 사하구 낙동남로  정우헤리티지빌딩 층 전화접수 신청페이지는 매달 업로드 됩니다 월 신청 페이지에서는 수 수 일자 선택 가능 예술형 부산경제진흥원
161,서부산권 기계부품산업기계자동차조선기자재 위기근로자 취업장려금 공고 현실형 부산경제진흥원
162,월 부산중장년내일센터 프로그램 교육생모집 사회형 노사발전재단
163,중기부 전문위원이 알려주는 정부사업 합격 꿀팁 진취형 부산광역시 수영구청
164,월 부산중장년내일센터 프로그램 교육생 모집 사회형 노사발전재단
165,팽나무하우스 졸업식 꽃다발 만들기 예술형 부산광역시 동래구청
166,자개공방 창업가도전 드림캐처 만들기 예술형 부산광역시 연제구청
167,합격하는 사업계획서 작성법 진취형 부산광역시 연제구청
168,월 중장년내일센터 교육프로그램 사회형 노사발전재단
169, 금융공기업 채용설명회 사회형 벡스코
170,시민참여단 브랜드 상상더하기모집 안내 _ _ 탐구형 부산광역시
171,디지털튜터 키오스크 활용 교육 진취형 부산광역시 연제구청
172,크라우드 펀딩을 활용한 사업자금 마련하기 탐구형 부산광역시 연제구청
173,월 무료 증명사진 촬영 예술형 부산경제진흥원
174,월 무료 증명사진 촬영 예술형 부산경제진흥원
175,부산중장년내일센터 월 교육프로그램 교육생모집 사회형 노사발전재단
176,월 무료 증명사진 촬영 예술형 부산경제진흥원
177,년 기장군 일자리박람회 사회형 부산광역시 기장군청
178,위기근로자 취업장려금 지원사업 현실형 부산경제진흥원
179, 동래 마을교육 아카데미 참가자 모집 사회형 부산광역시 동래구청
180,초기창업가를 위한 창업명사 특강 탐구형 부산광역시 연제구청
181,메타버스 크리에이터 창업가 되기 탐구형 부산광역시 연제구청
182,스마트팜 활용 마을기업 교육 현실형 부산광역시 연제구청
183,ㅅ  소리의 파도   예술형 부산경제진흥원
184,원데이 클래스 베이커리 창업가 도전 탐구형 부산광역시 연제구청
185,돈이 되는 글쓰기 카피라이팅 예술형 부산광역시 연제구청
186,무료 증명사진 촬영 예술형 부산경제진흥원
187,월 생애경력설계 프로그램 교육생 모집 사회형 노사발전재단
188,디지털 리터러시 수강생 모집 진취형 부산광역시 연제구청
189,창업가의 마인드셋 창의적 사고와 도출기법 탐구형 부산광역시 연제구청
190,퍼스널 컬러를 활용한 창업 이미지메이킹 예술형 부산광역시 연제구청
191,모의면접 및 자소서 첨삭 진취형 부산경제진흥원
192,지식기반서비스기업 청년인재 지원사업을 함께 운영할 인원 모집 사회형 부산경제진흥원
193,제회 부산관광 분 숏폼 영화제 예술형 부산트래블라운지
194,심리안정힐링특강 사회형 부산경제진흥원
195, 학기 도시농업교육 프로그램 운영 안내기 모집 진취형 부산광역시 동래구청
196,사회적 경제 기업 컨설팅 데이 발효 콤부차 제조 창업가 도전 탐구형 부산광역시 연제구청
197,연제구 사회적경제 주간 교육 프로그램 사회형 부산광역시 연제구청
198,년 동래구 협동조합 설립운영 교육 수강생 모집 사회형 부산광역시 동래구청
199,년 동래구 사회적경제기업 창업아카데미 수강생 모집 탐구형 부산광역시 동래구청
200,돈 되는 유튜브 창업 그것이 알고싶어 탐구형 부산광역시 수영구청
201,부산형 스마트제조 고급인력 양성사업 재직자 교육 참가업체 모집 현실형 부산산학융합원
202,산모신생아건강관리사 양성과정 참가자 모집 문의전화 수영구 일자리 종합센터 사회형 부산광역시 수영구청
203,채용연계 해양대학교와 함께하는 삼성전자 반도체 안전감시단 교육생 모집 담당자 핸드폰 사회형 부산경제진흥원
204,나를알고 내일 찾고 사회형 부산광역시 수영구청
205,심리안정 힐링특강 사회형 부산경제진흥원
206,센터 내 사진관 예술형 부산경제진흥원
207,관광마이스 분야현직자와 함께하는 직진쇼참가자 모집 탐구형 부산경제진흥원
208, 구직자 역량강화 취업특강 사회형 부산경제진흥원
209, 중장년 생애설계 프로그램 사회형 부산경제진흥원
210,채용연계 삼성전자 반도체 안전감시단 취업설명회 온라인접수 아래 하단의 신청하기 클릭 사회형 부산경제진흥원
211,심리안정상담 지원서비스 사회형 부산경제진흥원
212,마을공동체거점공간 마을누리 프로그램 수강생 모집 현실형 부산광역시 동래구청
213,월 오픈클래스 무자본 창업의 목표설정과 아이템 발굴 탐구형 부산광역시 연제구청
214,팽나무하우스 프로그램 수강생 모집 사회형 부산광역시 동래구청
215,센터 내 사진관 예술형 부산경제진흥원
216,중장년 생애경력설계 프로그램 교육 참여자 모집 사회형 부산광역시 동래구청
217, 사회적경제 금정대학 수강생 모집 홍보 사회형 부산광역시 금정구청
218,월 오픈클래스 직접 만들어 특별한 제작 예술형 부산광역시 연제구청
219,월 생애경력설계 전직스쿨 프로그램 교육생 모집 사회형 노사발전재단
220,온라인창업 시작하자 용돈에서 월급으로  정산계좌번호를 알고 있어야 합니다 탐구형 부산광역시 수영구청
221,자신만만 면접특강 모의면접 사회형 부산경제진흥원
222, 수영구 사회적경제기업 창업 아카데미 기초과정차 모집 사회형 부산광역시 수영구청
223,비즈니스서비스기업 청년일자리 지원사업을 함께 운영할 인원 모집 사회형 부산경제진흥원
224,좋은 일자리 창출 협력 프로젝트 사회형 부산경제진흥원
225,잡미팅 카카오 블루 크루 채용설명회 사회형 부산경제진흥원
226, 중장년 생애설계 프로그램 사회형 부산경제진흥원
227,월 생애경력설계 프로그램 교육생 모집 사회형 노사발전재단
228,월 오픈클래스년 떠오르는 창업 트렌드 분석 탐구형 부산광역시 연제구청
229,가족 즐거운 크리스마스 쿠키 만들기 현실형 사하구평생학습관
230, 크리스마스 수제종이 오브제 모빌 예술형 북구평생학습관
231, 마음챙김으로 스트레스 다스리기 사회형 북구평생학습관
232,월 일 들락날락 유아과학교실 미니 현미경 관찰 단체 진취형 영도구평생학습관
233,월 일 들락날락 유아과학교실 미니 현미경 관찰 단체 진취형 영도구평생학습관
234, 색채인문학 색을 활용한 소통방법 색채로 말하다 진취형 북구평생학습관
235,디지털배움터스마트폰으로 영상 만들기 진취형 사하구평생학습관
236,디지털배움터나만의 영상제작반 예술형 사하구평생학습관
237,우리동네 인문학 교실 시대로 조명해보는 베스트셀러 이야기 진취형 북구평생학습관
238,기초 코바늘 뜨기 패브릭얀을 활용한 기초 뜨개 예술형 북구평생학습관
239,부산광역시인권센터와 함께하는 시민 인권 아카데미 사회형 북구평생학습관
240, 숲해설가와 떠나는 가을숲 나들이 금정산 숲길 탐방 진취형 북구평생학습관
241, 가족이 함께 떠나는 숲체험 놀이 낙엽으로 만드는 무지개 세계 사회형 북구평생학습관
242,커피 바리스타 현실형 영도구평생학습관
243, 맛있는 커피의 비밀 핸드드립 제대로 내리는 법 진취형 북구평생학습관
244,하반기 영어 년 세 진취형 영도구평생학습관
245,하반기 영어 초등학년 진취형 영도구평생학습관
246, 숲해설가와 떠나는 가을숲 나들이 화지산 편백숲과 식물천연기념물 탐방 진취형 북구평생학습관
247, 숲해설가와 떠나는 가을숲 나들이 화지산 편백숲 탐방 진취형 북구평생학습관
248,가을 따라 숲길 따라 사하林 산림치유 프로그램 사회형 사하구평생학습관
249,오감만족 문화예술 가요와 함께 만나는 합창  휴강 예술형 사하구평생학습관
250, 퍼스널 골격체형 진단 스타일링 진취형 북구평생학습관
251,하반기 영어 원어민초등학년 진취형 영도구평생학습관
252,하반기 영어 원어민초등학년 진취형 영도구평생학습관
253,청년을 위한 자산 관리 방법과 기초 재테크 청년세 우선 선발 사회형 사하구평생학습관
254,함께 실천해요 환경테라피 지구품愛 진취형 북구평생학습관
255,년 영도에서 떠나는 유럽예술여행기 예술형 영도구평생학습관
256,기타교실클래식포크 예술형 영도구평생학습관
257,움직임 명상스스로 치유하는 몸 현실형 영도구평생학습관
258,우리동네 인문학 교실 쉽고 재미있는 클래식 에세이 진취형 북구평생학습관
259,통합실버케어전문가 자격과정 개강 사회형 사하구평생학습관
260,퀼트프랑스 자수 예술형 영도구평생학습관
261,색연필로 그리는 그림책 속 숨은 명화 예술형 북구평생학습관
262,디지털배움터 카드뉴스 제작반 진취형 사하구평생학습관
263,고전문학 세계사와 함께 읽기 진취형 사하구평생학습관
264,색소폰 예술형 영도구평생학습관
265,클래식 발레세반시 예술형 영도구평생학습관
266,클래식 발레초등학년 시 예술형 영도구평생학습관
267,클래식 발레세반시 예술형 영도구평생학습관
268,뜨개질로 만드는 아기모자 예술형 사하구평생학습관
269,어반스케치로 나만의 엽서 만들기 예술형 사하구평생학습관
270,컬러테라피로 보는 나의 컬러성향 진취형 사하구평생학습관
271,초등책놀이지도사 급 자격과정 사회형 북구평생학습관
272,휴놀교실 장애인과 비장애인이 함께하는 가을의 소리를 그려 보아요 사회형 북구평생학습관
273,닥종이인형공예 예술형 영도구평생학습관
274,성악 예술형 영도구평생학습관
275,식습관 코칭 지도사 자격과정 사회형 사하구평생학습관
276,테이스팅으로 떠나는 유럽 와인 여행 진취형 사하구평생학습관
277,퀼트프랑스 자수 예술형 영도구평생학습관
278,내 인생을 담은 자서전 쓰기 진취형 사하구평생학습관
279,내 인생을 담은 자서전 쓰기 개강 진취형 사하구평생학습관
280,통합실버케어전문가 자격과정 사회형 사하구평생학습관
281,이야기할머니 예비활동가 양성과정 사회형 사하구평생학습관
282,해피 북버스데이유아세 예술형 영도구평생학습관
283,해피 북버스데이초등학년 예술형 영도구평생학습관
284,월 토요스토리텔링 사회형 영도구평생학습관
285,그림자 인형극 팥죽호랑이와 일곱 녀석 예술형 영도구평생학습관
286,전은주 작가 초청 강연회 그림책 육아로 공부와 인성 두 마리 토끼 잡기 진취형 영도구평생학습관
287,월 폴짝폴짝 체험형 동화구연 반 예술형 영도구평생학습관
288,월 폴짝폴짝 체험형 동화구연 반 예술형 영도구평생학습관
289,찾아가는 원데이 배달강좌  샴푸바 만들기 진취형 북구평생학습관
290,퓨어공방 스칸디아모스와 가을을 담다주간 예술형 부산진구평생학습관
291,장애인식개선교육  농인청각장애인 이해 사회형 북구평생학습관
292,월 일 들락날락 유아과학교실 알고 보면 멋진 거미 단체 진취형 영도구평생학습관
293,찾아가는 원데이 배달강좌  그린소재리스 만들기 예술형 북구평생학습관
294,영선나릿작은도서관 모루동물인형키링 만들기 예술형 영도구평생학습관
295,찾아가는 원데이 배달강좌  라탄전구 가랜드 만들기 예술형 북구평생학습관
296,월 일 들락날락 유아과학교실 알고 보면 멋진 거미 단체 차 가능 진취형 영도구평생학습관
297,장애인식개선교육  장애체험교육휠체어체험 사회형 북구평생학습관
298,휴먼라이브러리 사람책 김남정의 타로수비학이야기 진취형 북구평생학습관
299,  화명동 기찻길 숲길 이야기야외 예술형 북구평생학습관
300,이야기꽃할머니 스토리텔링 예술형 영도구평생학습관
301,테스트 진취형 서구평생학습관
302,생각 쑥쑥 그림책 놀이 반 사회형 영도구평생학습관
303,월 인터넷 활용 진취형 부산진구평생학습관
304,월 왕초보 컴퓨터입문 진취형 부산진구평생학습관
305,월 엑셀 시작하기 진취형 부산진구평생학습관
306,월 실무문서편집 진취형 부산진구평생학습관
307,주말 가족특강 우리가족 크리스마스 케이크 만들기호 현실형 서구평생학습관
308,야간특강 년 부동산 전망과 전략 진취형 서구평생학습관
309,야간특강 광고로 재미있게 배우는 보험 진취형 서구평생학습관
310,야간특강 대한민국은 왜 아파트인가 현실형 서구평생학습관
311,야간특강 주식 초보자도 쉽게 배우는 주식이야기 진취형 서구평생학습관
312,주말 가족특강 예쁜 간식 화과자 만들기구 예술형 서구평생학습관
313,야간특강 저자극 각질제거 커피슈거 스크럽제 현실형 서구평생학습관
314,야간특강 수려한 원석 비즈공예 비녀 예술형 서구평생학습관
315,야간특강 실용적인 압화 에코백 예술형 서구평생학습관
316,  스마트폰 기초 네이버편 진취형 북구평생학습관
317,야간특강 가을에 어울리는 향수 디퓨저 진취형 서구평생학습관
318,  세대 가족스포츠 한궁 게임 체험 예술형 북구평생학습관
319,야간특강 가을꽃과 함께하는 이니셜 레진키링 예술형 서구평생학습관
320,정규치매재활 활동가 양성 과정 사회형 서구평생학습관
321,정규천마산 이야기를 담은 창작 동화책 제작 과정 예술형 서구평생학습관
322,  치매 방지에 최고 색소폰 무엇이든 물어보세요 진취형 북구평생학습관
323,정규 이야기할머니 양성 과정동화구연지도사 자격증 사회형 서구평생학습관
324,줌온라인 두피건강과 얼굴이 작아지는 셀프마사지 예술형 서구평생학습관
325,부모 조부모금쪽같은 우리아이 긍정적 훈육법 사회형 서구평생학습관
326, 나도 영화감독 스마트폰으로 단편영화 영상 제작 예술형 서구평생학습관
327,야간특강 하나뿐인 나만의 수제도장 사회형 서구평생학습관
328,줌온라인 주 완성 연필스케치 기초 예술형 서구평생학습관
329,  스마트폰 기초 설정편 진취형 북구평생학습관
330,줌온라인 쉽게 배워 당장 써먹는 절세비법연말정산과 세금이야기 진취형 서구평생학습관
331,월 왕초보 컴퓨터 입문 진취형 부산진구평생학습관
332,월 한셀로 계산하기 진취형 부산진구평생학습관
333,월 인터넷 활용 진취형 부산진구평생학습관
334,월 실무 엑셀 진취형 부산진구평생학습관
335,제회 영도 아카데미 전한길 강사 일타강사 전한길이 전하는 성공과 행복 진취형 영도구평생학습관
336,정규 재난예방안전관리사 자격증 과정 사회형 서구평생학습관
337,월 스마트폰 활용 진취형 부산진구평생학습관
338,월 스마트폰 기초 진취형 부산진구평생학습관
339,정규당신만 모르는 돈이 되는 비즈니스 글쓰기 사회형 서구평생학습관
340,모모라미스튜디오 팝아트 초상화 원데이 클래스 예술형 부산진구평생학습관
341,크리스마스 토탈공예 체험 예술형 부산진구평생학습관
342,모모라미스튜디오 크리스마스 트리 나이프화 예술형 부산진구평생학습관
343,베이킹숲 나만의 홈베이킹 주말기 현실형 부산진구평생학습관
344,퓨어공방 스칸디아모스로 가족과 함께해요 주말 예술형 부산진구평생학습관
345,퓨어공방 스칸디아모스로 가족과 함께해요 주말 예술형 부산진구평생학습관
346,송협주판화공방 실크스크린 아카데미월 예술형 부산진구평생학습관
347,홈 인테리어 토탈공예 체험 현실형 부산진구평생학습관
348,은모루 퇴근후 취미는 실버쥬얼리 크리스마스선물야간 예술형 부산진구평생학습관
349,나만의 플라워 스튜디오월 예술형 부산진구평생학습관
350,모모라미스튜디오 왕초보 나이프화 겨울 예술형 부산진구평생학습관
351,유리풀 스테인드 글라스 조명 만들기 예술형 부산진구평생학습관
352,헤르테세라믹 유니크한 오브제 만들기저녁 예술형 부산진구평생학습관
353,윤슬공방 나만의 제품 만들기 양단 조끼중급반 예술형 부산진구평생학습관
354,헤르테세라믹 유니크한 오브제 만들기저녁 예술형 부산진구평생학습관
355,헤르테세라믹 유니크한 오브제 만들기오전 예술형 부산진구평생학습관
356,꼬마쉐프 요리교실 월 사회형 부산진구평생학습관
357,퓨어공방 스칸디아모스로 가족과 함께해요 주말 예술형 부산진구평생학습관
358,퓨어공방 스칸디아모스로 가족과 함께해요 주말 예술형 부산진구평생학습관
359,은모루 퇴근후 취미는 실버쥬얼리 크리스마스선물 예술형 부산진구평생학습관
360,힐링 토탈공예 체험 예술형 부산진구평생학습관
361,모모라미스튜디오 왕초보 나이프화 겨울야간 예술형 부산진구평생학습관
362,베이킹숲 나만의 홈베이킹 주말기 현실형 부산진구평생학습관
363,기초 탄탄 일본어 동사활용 회화초급 진취형 부산진구평생학습관
364,상희플라워 플로리스트로 꿈을 키우다주간 예술형 부산진구평생학습관
365,상희플라워 플로리스트로 꿈을 키우다야간 예술형 부산진구평생학습관
366,위드아이센터 마크라메로 만드는 따뜻한 인테리어 소품 예술형 부산진구평생학습관
367,위드아이센터 마크라메로 만드는 따뜻한 인테리어 소품야간 예술형 부산진구평생학습관
368,송협주판화공방 실크스크린 아카데미월 예술형 부산진구평생학습관
369,폐강 감성을 담은 도자기 공예 예술형 부산진구평생학습관
370,감성을 담은 도자기 공예 예술형 부산진구평생학습관
371,바른자세 필라테스 현실형 부산진구평생학습관
372,신중년인생이모작 근골격계질환 예방관리법 사회형 서구평생학습관
373,위드아이센터 토퍼로 창업 기초 클래스 탐구형 부산진구평생학습관
374,위드아이센터 토퍼로 창업 기초 클래스야간 탐구형 부산진구평생학습관
375,쉽게 배우는 수학 보드게임 진취형 부산진구평생학습관
376,놀면서 창의력이 쑥쑥 놀이수학 초등저 진취형 부산진구평생학습관
377,집중력 향상 창의 보드게임 진취형 부산진구평생학습관
378,알쏭달쏭 키즈과학 연구소 세 진취형 부산진구평생학습관
379,놀면서 창의력이 쑥쑥 놀이수학 초등저 진취형 부산진구평생학습관
380,알쏭달쏭 키즈과학 연구소 세초등저 진취형 부산진구평생학습관
381,퓨어공방 여유로운 주말 스칸디아모스와 함께해요 예술형 부산진구평생학습관
382,꼬마쉐프 요리교실 월 사회형 부산진구평생학습관
383,상희플라워 초등원예테라피 그림책과 함께 마음 꽃 피우다 예술형 부산진구평생학습관
384,퓨어공방 여유로운 주말 스칸디아모스와 함께해요 예술형 부산진구평생학습관
385,토요일 클래스 고흐 해바라기 유화 예술형 영도구평생학습관
386,토요일 클래스 라탄원형 손가방 예술형 영도구평생학습관
387,토요일 클래스 가을을 담은 백드롭 페인팅 예술형 영도구평생학습관
388,초보 가드너를 위한 식물 인테리어 예술형 부산진구평생학습관
389,퓨어공방 스칸디아모스와 가을을 담다야간 예술형 부산진구평생학습관
390,퓨어공방 스칸디아모스와 가을을 담다야간 예술형 부산진구평생학습관
391,홈파티 플라워 센터피스월 현실형 부산진구평생학습관
392,폐강 홈파티 플라워 센터피스월 현실형 부산진구평생학습관
393,유리풀 스테인드 글라스 미니무드등 만들기 예술형 부산진구평생학습관
394,모모라미스튜디오 금전운을 부르는 해바라기 나이프화 야간 예술형 부산진구평생학습관
395,노화방지를 위한 기초 근력운동스트레칭 사회형 해운대구 평생학습관
396,푸어푸어공방 리본 은발찌 만들기 예술형 부산진구평생학습관
397,년 커피문화 확산 평생교육 프로그램 주말반 진취형 영도구평생학습관
398,곰방공방 터프팅 클래스 주말 예술형 부산진구평생학습관
399,길소의부엌 쌀가루로 만드는 디저트 현실형 부산진구평생학습관
400,토요일 클래스 영도바다 입욕제 만들기 현실형 영도구평생학습관
401,토요일 클래스 타일 트레이 만들기 예술형 영도구평생학습관
402,토요일 클래스 글라스아트 꽃 도어벨 예술형 영도구평생학습관
403,토요일 클래스 천연 핸드워시 근육통 젤파스 예술형 영도구평생학습관
404,마음을 담는 싱잉볼 명상요가 현실형 부산진구평생학습관
405,마음을 담는 싱잉볼 명상요가 현실형 부산진구평생학습관
406,부동산실전경매일반강좌 진취형 수영구평생학습관
407,치매예방 실버보드게임대 이상 진취형 부산진구평생학습관
408,해설과 연주가 있는 클래식 렉쳐콘서트 예술형 부산진구평생학습관
409,포근한 하모니카초급 예술형 부산진구평생학습관
410,부모가 배우는 그림책 인문학 진취형 부산진구평생학습관
411,한낮의 필라테스 현실형 부산진구평생학습관
412,나를 찾아가는 타로 심리 상담 사회형 부산진구평생학습관
413,마음 피지컬 타로상담 리딩 강화 프로그램 예술형 사하구평생학습관
414,금손이 되는 보자기 아트일반강좌 예술형 수영구평생학습관
415,침선공예연구회 전통체험 소품만들기 예술형 부산진구평생학습관
416,이쌤캘리아트 내 글씨가 예술 글씨로 왕초보 캘리그라피 예술형 부산진구평생학습관
417,침선공예연구회 선물하고싶은 소품한지공예 예술형 부산진구평생학습관
418,쉽고 간단한 홈파티 음식 레시피 현실형 부산진구평생학습관
419,년 커피문화 확산 평생교육 프로그램 야간반 진취형 영도구평생학습관
420,마음을 채우는 어반드로잉 예술형 부산진구평생학습관
421,낭만을 그리는 오일파스텔 예술형 부산진구평생학습관
422,우리말로 배우는 왕초보 여행 중국어 진취형 부산진구평생학습관
423,년 커피문화 확산 평생교육 프로그램 오전반 진취형 영도구평생학습관
424,여행부터 회화까지 한번에 여행 일본어 진취형 부산진구평생학습관
425,년 커피문화 확산 평생교육 프로그램 오후반 진취형 영도구평생학습관
426,떠나지 않고 즐기는 여행 영화를 보다 대만을 걷다일반강좌 진취형 수영구평생학습관
427,나도 저작권자 도전 작곡 배워보기 진취형 사하구평생학습관
428,자연을 담은 꽃그림 한국화아트지도사 급 예술형 해운대구 평생학습관
429,시대 질문하는 힘하브루타 진취형 사하구평생학습관
430,윤슬공방 재봉수업 선비의 멋 도포만들기고급반 예술형 부산진구평생학습관
431,고사성어 및 실용한자 진취형 부산진구평생학습관
432,침선공예연구회 프랑스 자수공예 예술형 부산진구평생학습관
433,윤슬공방 재봉수업 선비의 멋 도포만들기고급반 예술형 부산진구평생학습관
434,이쌤캘리아트 수채화와 예쁜 손글씨 붓펜 캘리그라피 예술형 부산진구평생학습관
435,인문학과 함께하는 서양미술사일반강좌 진취형 수영구평생학습관
436,부산과학기술대학교와 함께하는 커피바리스타 직무체험 진취형 북구평생학습관
437,곰방공방 터프팅 클래스 주간 예술형 부산진구평생학습관
438,은모루 퇴근후 취미는 실버쥬얼리 시리즈 디자인 예술형 부산진구평생학습관
439,입맛을 살리는 밑반찬 요리 예술형 부산진구평생학습관
440,길소의부엌 퇴근후 집에서 만들어 먹는 한그릇집밥 현실형 부산진구평생학습관
441,곰방공방 터프팅 클래스 주간 예술형 부산진구평생학습관
442,퓨어공방 스칸디아모스와 가을을 담다주간 예술형 부산진구평생학습관
443, 더 매력적인 나를 위한 퍼스널 컬러 진단 및 코칭 진취형 북구평생학습관
444,아름다운 글꽃 캘리그라피 급 자격과정 예술형 부산진구평생학습관
445,국가공인 직업상담사 급 자격증 대비반 사회형 부산진구평생학습관
446,함께 나누는 인문학 시낭송의 재발견 진취형 부산진구평생학습관
447,놀이수학지도사 급 자격과정 사회형 사하구평생학습관
448,퀼트마인 퀼트와 함께하는 가을 겨울 그리고 크리스마스 예술형 부산진구평생학습관
449,놀이수학지도사 급 자격과정 사회형 사하구평생학습관
450,소연아트랩 선긋기 기초부터 배우는 붓펜캘리그라피 예술형 부산진구평생학습관
451,커피지도사 급 자격증 과정일반강좌 진취형 수영구평생학습관
452,헤르테세라믹 유니크한 주방템 만들기오전 예술형 부산진구평생학습관
453,곰방공방 터프팅 클래스 야간 예술형 부산진구평생학습관
454,윤슬공방 한복을 기초로한 의상 만들기고급반 예술형 부산진구평생학습관
455,곰방공방 터프팅 클래스 야간 예술형 부산진구평생학습관
456,동화풍 수채일러스트일반강좌 예술형 수영구평생학습관
457,백세인생 항노화스포츠 현실형 부산진구평생학습관
458,일상 속 힐링 아크릴화 예술형 부산진구평생학습관
459,젊어지는 나의 첫 영어 진취형 부산진구평생학습관
460,가이드없이 척척 떠나는 여행 영어 진취형 부산진구평생학습관
461,꼬리에 꼬리를 무는 역사이야기 진취형 부산진구평생학습관
462,부수로 보는 한자 진취형 부산진구평생학습관
463,소연아트랩 악필교정 캘리그라피 급 자격증반 예술형 부산진구평생학습관
464,침선공예연구회 내손으로 척척 일상복 만들기 예술형 부산진구평생학습관
465,조경기능사실기_도면일반강좌 진취형 수영구평생학습관
466,바디 플로우 요가일반강좌 현실형 수영구평생학습관
467,지금 여기 사하林 산림치유 프로그램 사회형 사하구평생학습관
468,푸어푸어공방 왁스카빙 은제품 만들기심화 예술형 부산진구평생학습관
469,알아두면 유용한 생활 속 법률상식 진취형 해운대구 평생학습관
470,헤르테세라믹 유니크한 주방템 만들기오전 예술형 부산진구평생학습관
471,헤르테세라믹 유니크한 주방템 만들기저녁 예술형 부산진구평생학습관
472,은모루 레터링 반지 만들기 예술형 부산진구평생학습관
473,아동인권교육 전문가 급 과정일반강좌 진취형 수영구평생학습관
474,곰방공방 터프팅 클래스 주말 예술형 부산진구평생학습관
475,장애인식개선교육  시각장애 공감하기자녀보호자 사회형 북구평생학습관
476, 가족이 함께 떠나는 숲체험 놀이 숲속에서 만나는 동화나라 사회형 북구평생학습관
477,토요일 클래스 내가 만드는 봉래산 둘레길 테라리움 예술형 영도구평생학습관
478,휴먼라이브러리 사람초대석  루나파크 홍인혜 작가와의 만남 진취형 북구평생학습관
479,토요일 클래스 천연 폼 클렌져 예술형 영도구평생학습관
480,토요일 클래스 가을 옷 입은 모루인형개 예술형 영도구평생학습관
481,원북색특강청소년열다섯에 곰이라니 자기 자신 알고 바로 보는 법 예술형 영도구평생학습관
482,버블 앤 벌룬쇼 환상의 쇼 예술형 영도구평생학습관
483,시니어 모델 양성과정 시니어세 우선 선발 진취형 사하구평생학습관
484,퀼트마인 레드웍 들꽃자수를 수놓은 가을 소품 예술형 부산진구평생학습관
485,풀잎작은도서관 로 알아보는 나만의 향수 만들기 진취형 영도구평생학습관
486,월 폴짝폴짝 체험형 동화구연 반 예술형 영도구평생학습관
487,월 폴짝폴짝 체험형 동화구연 반 예술형 영도구평생학습관
488,장애인 비장애인이 함께하는 스마트폰 인물사진 작가교실 진취형 사하구평생학습관
489,이쌤캘리아트 예쁜글씨와 동화가 있는 초등캘리그라피 예술형 부산진구평생학습관
490,가족 추석맞이 캐릭터 송편 만들기 예술형 사하구평생학습관
491,원북색특강아동나를 찾아줘 생명의 소중함과 문제 해결 방법 생각하기 사회형 영도구평생학습관
492,월 토요스토리텔링 사회형 영도구평생학습관
493,자개 책갈피 만들기 현실형 영도구평생학습관
494,곰방공방 터프팅 거울만들기 예술형 부산진구평생학습관
495,젊어지는 나의 첫 영어 진취형 북구평생학습관
496,퀼트마인 레드웍 들꽃자수를 수놓은 가을 소품 예술형 부산진구평생학습관
497,좋아요를 부르는 인스타그램 사용법일반강좌 진취형 수영구평생학습관
498,우리동네 인문학 교실 동화 읽는 어른들일반 성인 사회형 북구평생학습관
499,월 폴짝폴짝 체험형 동화구연 반 예술형 영도구평생학습관
500,월 폴짝폴짝 체험형 동화구연 반 예술형 영도구평생학습관
501,알면 알수록 빠져드는 색연필화일반강좌 예술형 수영구평생학습관
502,평생학습센터 하와이 훌라댄스 현실형 중구평생학습관
503,제대로 배워보는 홈트레이닝일반강좌 현실형 수영구평생학습관
504,이쌤캘리아트 내 글씨가 예술 글씨로 변하는 체인지 캘리그라피 예술형 부산진구평생학습관
505,플러스펜 수채 캘리그라피일반강좌 예술형 수영구평생학습관
506,우리동네 인문학 교실 동화 읽는 어른들시니어반 사회형 북구평생학습관
507,나도 기자 사진과 글로 기록하는 우리동네 이야기일반강좌 진취형 수영구평생학습관
508,제회 서구미래아카데미 진취형 서구평생학습관
509,연필드로잉일반강좌 예술형 수영구평생학습관
510,푸어푸어공방 집에서도 할수있는 은세공 만들기 예술형 부산진구평생학습관
511,침선공예연구회 색다른 수공예 아름다운 태팅레이스 예술형 부산진구평생학습관
512,해설과 라이브 연주가 있는 클라식 렉처콘서트일반강좌 예술형 수영구평생학습관
513,푸어푸어공방 집에서도 할수있는 은세공 만들기 예술형 부산진구평생학습관
514,은모루 퇴근후 취미는 실버쥬얼리 시리즈 디자인야간 예술형 부산진구평생학습관
515,모모라미스튜디오 왕초보 나이프화 꽃 예술형 부산진구평생학습관
516,테스트 진취형 서구평생학습관
517,위드아이센터 스탠드형 버블풍선 만들기 예술형 부산진구평생학습관
518,헤르테세라믹 도자기에 그리는 청화 작업으로 완성하는 홈카페 예술형 부산진구평생학습관
519,위드아이센터 스탠드형 버블풍선 만들기야간 예술형 부산진구평생학습관
520,월 일 들락날락 유아과학교실 알고 보면 멋진 거미 단체 진취형 영도구평생학습관
521,미디어강사양성과정 진취형 해운대구 평생학습관
522,모모라미스튜디오 일레븐데이 클래스 주간 예술형 부산진구평생학습관
523,하반기 평생학습관 시니어 색연필그리기 예술형 영도구평생학습관
524,소연아트랩 선긋기 기초부터 배우는 붓펜캘리그라피 예술형 부산진구평생학습관
525,우리동네 인문학 교실 명작 속으로 떠나는 마음여행속마음을 들킨 예술가들 예술형 북구평생학습관
526,소연아트랩 플러스펜으로 마법의 수채화 그림그리기 예술형 부산진구평생학습관
527,모모라미스튜디오 주로 작가그림 도전하기주간 예술형 부산진구평생학습관
528,이쌤캘리아트 수채화와 예쁜 손글씨 붓펜 캘리그라피 예술형 부산진구평생학습관
529,인문학 하브루타 삶의 지혜를 발견하는 그림책 진취형 영도구평생학습관
530,길소의부엌 하루한끼 든든하게 집밥 현실형 부산진구평생학습관
531,위드아이센터 내 손으로 만드는 실용적인 뜨개 소품 예술형 부산진구평생학습관
532,  다육식물로 꾸미는 플랜테리어 분경 예술형 북구평생학습관
533,원북색특강성인 세탁비는 이야기로 받습니다 산복빨래방 우리동네 산복도로 이야기 예술형 영도구평생학습관
534,어울림마당작은서관 백드롭페인팅 예술형 영도구평생학습관
535,소연아트랩 악필교정 캘리그라피 급 자격증반 예술형 부산진구평생학습관
536,푸어푸어공방 왁스카빙 은제품 만들기 예술형 부산진구평생학습관
537,길소의부엌 계절담은 홈메이드 퓨전떡 현실형 부산진구평생학습관
538,들락날락 영어랑 놀자유치부 사회형 영도구평생학습관
539,기반형 어린이 영어교육프로그램 로키토키 진취형 영도구평생학습관
540,평생학습센터 팡팡 라인댄스 현실형 중구평생학습관
541,년 영도에서 떠나는 유럽예술여행기 예술형 영도구평생학습관
542,베이킹숲 나만의 홈베이킹 주말기 현실형 부산진구평생학습관
543,길소의부엌 우리쌀로 만드는 막걸리와 핑거푸드 현실형 부산진구평생학습관
544,가족과 함께 오일파스텔 가을하늘 드로잉가족인팀 예술형 영도구평생학습관
545,나의 반려동물 석고방향제 만들기 예술형 영도구평생학습관
546,들락날락 영어랑 놀자초등부 사회형 영도구평생학습관
547,해설과 연주가 있는 클라식 렉처 콘서트  예술형 중구평생학습관
548,논어로 배우는 한문오전 진취형 중구평생학습관
549,하반기 평생학습관 난독증 치료를 위한 문해교육사 양성과정 사회형 영도구평생학습관
550, 신중년인생이모작 캘리그라피 자격과정급 예술형 서구평생학습관
551,하반기 평생학습관 병원동행 매니저 자격과정 사회형 영도구평생학습관
552,신중년인생이모작 캘리그라피 자격과정급 예술형 서구평생학습관
553,오일파스텔 기초부터 명화그리기까지 예술형 해운대구 평생학습관
554,하반기 평생학습관 가을에 시작되는 감성 수채화 예술형 영도구평생학습관
555,길소의부엌 설기위에 꽃피우다 플라워케이크 현실형 부산진구평생학습관
556,따라하면 통증을 줄여주는 목 어깨 허리 무릎 재활운동 현실형 북구평생학습관
557,앉아서 떠나는 건축과 미술 여행 예술형 해운대구 평생학습관
558,베이킹숲 나만의 홈베이킹 우리가족을 위한 디저트 만들기 현실형 부산진구평생학습관
559,해돋이작은도서관 전통 무드등 만들기 예술형 영도구평생학습관
560,부산의 포구가 품고있는 삶과 역사의 파노라마 진취형 중구평생학습관
561,감성을 더하는 인물 데생 예술형 중구평생학습관
562,병원동행매니저 자격증 과정 사회형 북구평생학습관
563,하반기 평생학습관 노인돌봄 지도사 자격과정 사회형 영도구평생학습관
564,평생학습센터 구구팔팔 건강체조 사회형 중구평생학습관
565,하반기 평생학습관 시니어 스마트폰 기초 사회형 영도구평생학습관
566,업사이클환경공예지도사 양성과정 진취형 해운대구 평생학습관
567,쉽게 그리는 크레용화오일 파스텔화 예술형 북구평생학습관
568,모모라미스튜디오 일레븐데이 클래스 야간 예술형 부산진구평생학습관
569,리듬스푼지도사 급 사회형 해운대구 평생학습관
570,모모라미스튜디오 주로 작가그림 도전하기야간 예술형 부산진구평생학습관
571,책 읽어주는 북 내레이터 과정 사회형 영도구평생학습관
572,내 손으로 만드는 나무 소품우드 카빙 예술형 사하구평생학습관
573,명화 속 인문산책 예술형 해운대구 평생학습관
574,스피치와 함께하는 우리들 세상 사회형 영도구평생학습관
575,신중년인생이모작 타로카드로 찾는 지혜 진취형 서구평생학습관
576, 신중년인생이모작 타로카드로 찾는 지혜 진취형 서구평생학습관
577,위드아이센터 나에게 맞는 공예 찾기 매주 원데이 예술형 부산진구평생학습관
578,부산眞대학커피에 진심을 담다하반기 현실형 부산진구평생학습관
579,월 스마트폰 기초 진취형 부산진구평생학습관
580,월 스마트폰 활용 진취형 부산진구평생학습관
581,송협주판화공방 실크스크린 아카데미월 예술형 부산진구평생학습관
582,필수 재테크 상식 금융 부동산 실속 재테크 진취형 북구평생학습관
583, 건강하고 행복한 일상을 위한 스트레스 우울감 긍정 관리법 사회형 북구평생학습관
584,이야기 할머니 양성과정동화구연지도사 사회형 중구평생학습관
585,뉴스와 함께 알아보는 경제이야기 진취형 북구평생학습관
586,동화구연지도사 급 자격과정 사회형 북구평생학습관
587,감성을 더한 글씨 수채 캘리그라피 급 자격과정 예술형 북구평생학습관
588,노후준비전문강사 급 양성과정 사회형 북구평생학습관
589,아는 만큼 보인다 세계 건축여행 진취형 해운대구 평생학습관
590,집에서 따라할 수 있는 소도구 필라테스 사회형 해운대구 평생학습관
591,하반기 평생학습관 한글새움 예쁜 글씨 쓰기 예술형 영도구평생학습관
592,내가 만드는 숏폼릴스 영상 예술형 해운대구 평생학습관
593,미중년 남성 통기타 교실초급 예술형 북구평생학습관
594,생각 쑥쑥 그림책 놀이 반 사회형 영도구평생학습관
595,년 하반기 반 유아 세 진취형 영도구평생학습관
596,년 하반기 반 초등 학년 진취형 영도구평생학습관
597,커피 인문학과 함께 홈카페 즐기기 진취형 북구평생학습관
598,신중년인생이모작 꼭 한번은 들어야 할 웰당잉 사회형 서구평생학습관
599,인공지능이 궁금해 처음 시작하는 생성형 인공지능 알기 진취형 북구평생학습관
600,신중년인생이모작 꼭 한번은 들어야 할 웰다잉 사회형 서구평생학습관
601,모모라미스튜디오 왕초보 나이프화 꽃야간 예술형 부산진구평생학습관
602,야간특강레진공예 책갈피 및 가방걸이 만들기 예술형 서구평생학습관
603,하반기 평생학습관 유쾌한 커뮤니케이션 대화법 사회형 영도구평생학습관
604,마음을 열어주는 생활 수필 쓰기 예술형 중구평생학습관
605,타로심리상담전문가 급 자격과정 진취형 북구평생학습관
606,줌바피트니스댄스 사회형 해운대구 평생학습관
607,하반기 평생학습관 도시로 떠나는 문학여행 사회형 영도구평생학습관
608,스마트폰으로 보는 세상 진취형 해운대구 평생학습관
609,어반드로잉 도시 속 삶을 그리다 예술형 해운대구 평생학습관
610,하반기 평생학습관 밸런스 바디 디자인 사회형 영도구평생학습관
611,하반기 평생학습관 몽글몽글 뜨개소품 만들기 예술형 영도구평생학습관
612,책으로 성장하는 독서 아카데미 진취형 영도구평생학습관
613,해운대 지역강사 역량강화 스킬 업 진취형 해운대구 평생학습관
614,책은 읽고 생각은 익고_어떻게 살 것인가 진취형 북구평생학습관
615,일상에서 소박한 민주주의 찾기 사회형 북구평생학습관
616,디지털배움터 스마트폰스마트하게 사용하기 진취형 사하구평생학습관
617,  멋진인생 청바지청춘은 바로 지금부터 예술형 북구평생학습관
618,시니어 스마트폰 사진 꾸미기신중년 대상 진취형 영도구평생학습관
619,신중년인생이모작 미술심리상담사 자격과정급 진취형 서구평생학습관
620, 신중년인생이모작 미술심리상담사 자격과정 진취형 서구평생학습관
621,책과 함께 떠나는 예술가 기행 진취형 북구평생학습관
622,인생은 놀이다 전래놀이코칭지도사 급 사회형 해운대구 평생학습관
623,업사이클환경교육지도사 급 진취형 해운대구 평생학습관
624,월 사진 편집과 블로그야간 진취형 부산진구평생학습관
625,월 엑셀 시작하기 진취형 부산진구평생학습관
626,월 사진 편집과 블로그 진취형 부산진구평생학습관
627,월 문서편집 시작하기 진취형 부산진구평생학습관
628,월엑셀 시작하기 진취형 부산진구평생학습관
