id,organization
1,부산광역시 장노년일자리지원센터
2,부산광역시 장노년일자리지원센터
3,부산광역시 장노년일자리지원센터
4,부산광역시 해운대구청
5,부산광역시 북구청
6,부산광역시 부산진구청
7,부산경제진흥원
8,부산테크노파크
9,부산경영자총협회
10,부산여자대학교
11,부산여자대학교
12,부산경영자총협회
13,부산경영자총협회
14,부산경제진흥원
15,고용노동부
16,부산광역시 장노년일자리지원센터
17,부산경제진흥원
18,부산광역시 장노년일자리지원센터
19,부산광역시 영도구청
20,부산경영자총협회
21,부산경상대학교
22,부산경영자총협회
23,부산경영자총협회
24,(주)스마트소셜
25,부산경제진흥원
26,(주)스마트소셜
27,부산광역시 수영구청
28,부산광역시 연제구청
29,부산경영자총협회
30,부산광역시 북구청
31,부산광역시 연제구청
32,부산광역시 부산진구청
33,부산광역시 수영구청
34,부산광역시 영도구청
35,부산광역시 영도구청
36,부산경영자총협회
37,부산경영자총협회
38,부산경영자총협회
39,부산광역시 영도구청
40,부산광역시 연제구청
41,부산광역시의회
42,부산경영자총협회
43,(주)스마트소셜
44,부산광역시 영도구청
45,부산경영자총협회
46,부산광역시 장노년일자리지원센터
47,SBS
48,부산연구원
49,(주)스마트소셜
50,부산광역시 영도구청
51,부산광역시 장노년일자리지원센터
52,(주)스마트소셜
53,(주)스마트소셜
54,부산진구 청년마루
55,(재)함께일하는재단
56,부산광역시 수영구청
57,부산광역시 영도구청
58,부산경영자총협회
59,부산광역시 영도구청
60,부산광역시 남구청
61,부산광역시 해운대구청
62,부산경영자총협회
63,부산광역시 수영구청
64,부산경영자총협회
65,부산광역시 영도구청
66,부산광역시 남구청
67,부산경영자총협회
68,부산경제진흥원
69,부산경제진흥원
70,부산광역시 장노년일자리지원센터
71,부산여성가족과 평생교육진흥원
72,부산광역시 영도구청
73,한국표준협회
74,부산광역시 부산진구청
75,부산광역시 영도구청
76,부산예일직업전문학교
77,부산광역시 장노년일자리지원센터
78,부산광역시 영도구청
79,부산광역시 영도구청
80,부산예일직업전문학교
81,부산광역시 사하구청
82,부산광역시 영도구청
83,부산경상대학교
84,부산경상대학교
85,부산경상대학교
86,부산광역시 금정구청
87,부산경제진흥원
88,노사발전재단
89,부산광역시 금정구청
90,부산광역시 금정구청
91,부산경제진흥원
92,부산광역시 장노년일자리지원센터
93,부산광역시 금정구청
94,부산광역시 금정구청
95,부산경제진흥원
96,부산광역시 해운대구청
97,부산광역시 연제구청
98,부산광역시 연제구청
99,사하여성인력개발센터
100,부산광역시 부산진구청
101,부산경제진흥원
102,부산광역시 사상구청
103,노사발전재단
104,부산경제진흥원
105,부산광역시 수영구청
106,부산광역시 동래구청
107,부산광역시 북구청
108,노사발전재단
109,부산경제진흥원
110,(주)빛솔인재개발원
111,부산경제진흥원
112,부산경제진흥원
113,사상여성인력개발센터
114,부산광역시 장노년일자리지원센터
115,부산광역시 부산진구청
116,부산경제진흥원
117,노사발전재단
118,부산경제진흥원
119,부산광역시 북구청
120,부산광역시 수영구청
121,사상여성인력개발센터
122,부산경제진흥원
123,부산광역시 수영구청
124,부산광역시 부산진구청
125,부산광역시 동래구청
126,부산경제진흥원
127,노사발전재단
128,부산경제진흥원
129,부산광역시 장노년일자리지원센터
130,부산경제진흥원
131,노사발전재단
132,부산광역시 수영구청
133,부산광역시 해운대구청
134,부산경제진흥원
135,부산광역시 장노년일자리지원센터
136,부산광역시 북구청
137,부산광역시 해운대구청
138,부산광역시 해운대구청
139,부산광역시 금정구청
140,부산경제진흥원
141,노사발전재단
142,부산상공회의소
143,부산광역시
144,부산경제진흥원
145,부산광역시 여성회관
146,부산광역시 수영구청
147,부산경제진흥원
148,부산경제진흥원
149,부산광역시 수영구청
150,부산광역시
151,한국표준협회
152,부산광역시 연제구청
153,부산광역시 연제구청
154,부산광역시 연제구청
155,노사발전재단
156,부산광역시 수영구청
157,부산광역시 동래구청
158,부산광역시 수영구청
159,부산경제진흥원
160,부산경제진흥원
161,부산경제진흥원
162,노사발전재단
163,부산광역시 수영구청
164,노사발전재단
165,부산광역시 동래구청
166,부산광역시 연제구청
167,부산광역시 연제구청
168,노사발전재단
169,벡스코
170,부산광역시
171,부산광역시 연제구청
172,부산광역시 연제구청
173,부산경제진흥원
174,부산경제진흥원
175,노사발전재단
176,부산경제진흥원
177,부산광역시 기장군청
178,부산경제진흥원
179,부산광역시 동래구청
180,부산광역시 연제구청
181,부산광역시 연제구청
182,부산광역시 연제구청
183,부산경제진흥원
184,부산광역시 연제구청
185,부산광역시 연제구청
186,부산경제진흥원
187,노사발전재단
188,부산광역시 연제구청
189,부산광역시 연제구청
190,부산광역시 연제구청
191,부산경제진흥원
192,부산경제진흥원
193,부산트래블라운지
194,부산경제진흥원
195,부산광역시 동래구청
196,부산광역시 연제구청
197,부산광역시 연제구청
198,부산광역시 동래구청
199,부산광역시 동래구청
200,부산광역시 수영구청
201,부산산학융합원
202,부산광역시 수영구청
203,부산경제진흥원
204,부산광역시 수영구청
205,부산경제진흥원
206,부산경제진흥원
207,부산경제진흥원
208,부산경제진흥원
209,부산경제진흥원
210,부산경제진흥원
211,부산경제진흥원
212,부산광역시 동래구청
213,부산광역시 연제구청
214,부산광역시 동래구청
215,부산경제진흥원
216,부산광역시 동래구청
217,부산광역시 금정구청
218,부산광역시 연제구청
219,노사발전재단
220,부산광역시 수영구청
221,부산경제진흥원
222,부산광역시 수영구청
223,부산경제진흥원
224,부산경제진흥원
225,부산경제진흥원
226,부산경제진흥원
227,노사발전재단
228,부산광역시 연제구청
229,사하구평생학습관
230,북구평생학습관
231,북구평생학습관
232,영도구평생학습관
233,영도구평생학습관
234,북구평생학습관
235,사하구평생학습관
236,사하구평생학습관
237,북구평생학습관
238,북구평생학습관
239,북구평생학습관
240,북구평생학습관
241,북구평생학습관
242,영도구평생학습관
243,북구평생학습관
244,영도구평생학습관
245,영도구평생학습관
246,북구평생학습관
247,북구평생학습관
248,사하구평생학습관
249,사하구평생학습관
250,북구평생학습관
251,영도구평생학습관
252,영도구평생학습관
253,사하구평생학습관
254,북구평생학습관
255,영도구평생학습관
256,영도구평생학습관
257,영도구평생학습관
258,북구평생학습관
259,사하구평생학습관
260,영도구평생학습관
261,북구평생학습관
262,사하구평생학습관
263,사하구평생학습관
264,영도구평생학습관
265,영도구평생학습관
266,영도구평생학습관
267,영도구평생학습관
268,사하구평생학습관
269,사하구평생학습관
270,사하구평생학습관
271,북구평생학습관
272,북구평생학습관
273,영도구평생학습관
274,영도구평생학습관
275,사하구평생학습관
276,사하구평생학습관
277,영도구평생학습관
278,사하구평생학습관
279,사하구평생학습관
280,사하구평생학습관
281,사하구평생학습관
282,영도구평생학습관
283,영도구평생학습관
284,영도구평생학습관
285,영도구평생학습관
286,영도구평생학습관
287,영도구평생학습관
288,영도구평생학습관
289,북구평생학습관
290,부산진구평생학습관
291,북구평생학습관
292,영도구평생학습관
293,북구평생학습관
294,영도구평생학습관
295,북구평생학습관
296,영도구평생학습관
297,북구평생학습관
298,북구평생학습관
299,북구평생학습관
300,영도구평생학습관
301,서구평생학습관
302,영도구평생학습관
303,부산진구평생학습관
304,부산진구평생학습관
305,부산진구평생학습관
306,부산진구평생학습관
307,서구평생학습관
308,서구평생학습관
309,서구평생학습관
310,서구평생학습관
311,서구평생학습관
312,서구평생학습관
313,서구평생학습관
314,서구평생학습관
315,서구평생학습관
316,북구평생학습관
317,서구평생학습관
318,북구평생학습관
319,서구평생학습관
320,서구평생학습관
321,서구평생학습관
322,북구평생학습관
323,서구평생학습관
324,서구평생학습관
325,서구평생학습관
326,서구평생학습관
327,서구평생학습관
328,서구평생학습관
329,북구평생학습관
330,서구평생학습관
331,부산진구평생학습관
332,부산진구평생학습관
333,부산진구평생학습관
334,부산진구평생학습관
335,영도구평생학습관
336,서구평생학습관
337,부산진구평생학습관
338,부산진구평생학습관
339,서구평생학습관
340,부산진구평생학습관
341,부산진구평생학습관
342,부산진구평생학습관
343,부산진구평생학습관
344,부산진구평생학습관
345,부산진구평생학습관
346,부산진구평생학습관
347,부산진구평생학습관
348,부산진구평생학습관
349,부산진구평생학습관
350,부산진구평생학습관
351,부산진구평생학습관
352,부산진구평생학습관
353,부산진구평생학습관
354,부산진구평생학습관
355,부산진구평생학습관
356,부산진구평생학습관
357,부산진구평생학습관
358,부산진구평생학습관
359,부산진구평생학습관
360,부산진구평생학습관
361,부산진구평생학습관
362,부산진구평생학습관
363,부산진구평생학습관
364,부산진구평생학습관
365,부산진구평생학습관
366,부산진구평생학습관
367,부산진구평생학습관
368,부산진구평생학습관
369,부산진구평생학습관
370,부산진구평생학습관
371,부산진구평생학습관
372,서구평생학습관
373,부산진구평생학습관
374,부산진구평생학습관
375,부산진구평생학습관
376,부산진구평생학습관
377,부산진구평생학습관
378,부산진구평생학습관
379,부산진구평생학습관
380,부산진구평생학습관
381,부산진구평생학습관
382,부산진구평생학습관
383,부산진구평생학습관
384,부산진구평생학습관
385,영도구평생학습관
386,영도구평생학습관
387,영도구평생학습관
388,부산진구평생학습관
389,부산진구평생학습관
390,부산진구평생학습관
391,부산진구평생학습관
392,부산진구평생학습관
393,부산진구평생학습관
394,부산진구평생학습관
395,해운대구 평생학습관
396,부산진구평생학습관
397,영도구평생학습관
398,부산진구평생학습관
399,부산진구평생학습관
400,영도구평생학습관
401,영도구평생학습관
402,영도구평생학습관
403,영도구평생학습관
404,부산진구평생학습관
405,부산진구평생학습관
406,수영구평생학습관
407,부산진구평생학습관
408,부산진구평생학습관
409,부산진구평생학습관
410,부산진구평생학습관
411,부산진구평생학습관
412,부산진구평생학습관
413,사하구평생학습관
414,수영구평생학습관
415,부산진구평생학습관
416,부산진구평생학습관
417,부산진구평생학습관
418,부산진구평생학습관
419,영도구평생학습관
420,부산진구평생학습관
421,부산진구평생학습관
422,부산진구평생학습관
423,영도구평생학습관
424,부산진구평생학습관
425,영도구평생학습관
426,수영구평생학습관
427,사하구평생학습관
428,해운대구 평생학습관
429,사하구평생학습관
430,부산진구평생학습관
431,부산진구평생학습관
432,부산진구평생학습관
433,부산진구평생학습관
434,부산진구평생학습관
435,수영구평생학습관
436,북구평생학습관
437,부산진구평생학습관
438,부산진구평생학습관
439,부산진구평생학습관
440,부산진구평생학습관
441,부산진구평생학습관
442,부산진구평생학습관
443,북구평생학습관
444,부산진구평생학습관
445,부산진구평생학습관
446,부산진구평생학습관
447,사하구평생학습관
448,부산진구평생학습관
449,사하구평생학습관
450,부산진구평생학습관
451,수영구평생학습관
452,부산진구평생학습관
453,부산진구평생학습관
454,부산진구평생학습관
455,부산진구평생학습관
456,수영구평생학습관
457,부산진구평생학습관
458,부산진구평생학습관
459,부산진구평생학습관
460,부산진구평생학습관
461,부산진구평생학습관
462,부산진구평생학습관
463,부산진구평생학습관
464,부산진구평생학습관
465,수영구평생학습관
466,수영구평생학습관
467,사하구평생학습관
468,부산진구평생학습관
469,해운대구 평생학습관
470,부산진구평생학습관
471,부산진구평생학습관
472,부산진구평생학습관
473,수영구평생학습관
474,부산진구평생학습관
475,북구평생학습관
476,북구평생학습관
477,영도구평생학습관
478,북구평생학습관
479,영도구평생학습관
480,영도구평생학습관
481,영도구평생학습관
482,영도구평생학습관
483,사하구평생학습관
484,부산진구평생학습관
485,영도구평생학습관
486,영도구평생학습관
487,영도구평생학습관
488,사하구평생학습관
489,부산진구평생학습관
490,사하구평생학습관
491,영도구평생학습관
492,영도구평생학습관
493,영도구평생학습관
494,부산진구평생학습관
495,북구평생학습관
496,부산진구평생학습관
497,수영구평생학습관
498,북구평생학습관
499,영도구평생학습관
500,영도구평생학습관
501,수영구평생학습관
502,중구평생학습관
503,수영구평생학습관
504,부산진구평생학습관
505,수영구평생학습관
506,북구평생학습관
507,수영구평생학습관
508,서구평생학습관
509,수영구평생학습관
510,부산진구평생학습관
511,부산진구평생학습관
512,수영구평생학습관
513,부산진구평생학습관
514,부산진구평생학습관
515,부산진구평생학습관
516,서구평생학습관
517,부산진구평생학습관
518,부산진구평생학습관
519,부산진구평생학습관
520,영도구평생학습관
521,해운대구 평생학습관
522,부산진구평생학습관
523,영도구평생학습관
524,부산진구평생학습관
525,북구평생학습관
526,부산진구평생학습관
527,부산진구평생학습관
528,부산진구평생학습관
529,영도구평생학습관
530,부산진구평생학습관
531,부산진구평생학습관
532,북구평생학습관
533,영도구평생학습관
534,영도구평생학습관
535,부산진구평생학습관
536,부산진구평생학습관
537,부산진구평생학습관
538,영도구평생학습관
539,영도구평생학습관
540,중구평생학습관
541,영도구평생학습관
542,부산진구평생학습관
543,부산진구평생학습관
544,영도구평생학습관
545,영도구평생학습관
546,영도구평생학습관
547,중구평생학습관
548,중구평생학습관
549,영도구평생학습관
550,서구평생학습관
551,영도구평생학습관
552,서구평생학습관
553,해운대구 평생학습관
554,영도구평생학습관
555,부산진구평생학습관
556,북구평생학습관
557,해운대구 평생학습관
558,부산진구평생학습관
559,영도구평생학습관
560,중구평생학습관
561,중구평생학습관
562,북구평생학습관
563,영도구평생학습관
564,중구평생학습관
565,영도구평생학습관
566,해운대구 평생학습관
567,북구평생학습관
568,부산진구평생학습관
569,해운대구 평생학습관
570,부산진구평생학습관
571,영도구평생학습관
572,사하구평생학습관
573,해운대구 평생학습관
574,영도구평생학습관
575,서구평생학습관
576,서구평생학습관
577,부산진구평생학습관
578,부산진구평생학습관
579,부산진구평생학습관
580,부산진구평생학습관
581,부산진구평생학습관
582,북구평생학습관
583,북구평생학습관
584,중구평생학습관
585,북구평생학습관
586,북구평생학습관
587,북구평생학습관
588,북구평생학습관
589,해운대구 평생학습관
590,해운대구 평생학습관
591,영도구평생학습관
592,해운대구 평생학습관
593,북구평생학습관
594,영도구평생학습관
595,영도구평생학습관
596,영도구평생학습관
597,북구평생학습관
598,서구평생학습관
599,북구평생학습관
600,서구평생학습관
601,부산진구평생학습관
602,서구평생학습관
603,영도구평생학습관
604,중구평생학습관
605,북구평생학습관
606,해운대구 평생학습관
607,영도구평생학습관
608,해운대구 평생학습관
609,해운대구 평생학습관
610,영도구평생학습관
611,영도구평생학습관
612,영도구평생학습관
613,해운대구 평생학습관
614,북구평생학습관
615,북구평생학습관
616,사하구평생학습관
617,북구평생학습관
618,영도구평생학습관
619,서구평생학습관
620,서구평생학습관
621,북구평생학습관
622,해운대구 평생학습관
623,해운대구 평생학습관
624,부산진구평생학습관
625,부산진구평생학습관
626,부산진구평생학습관
627,부산진구평생학습관
628,부산진구평생학습관
