id,combined_cleaned,region_id
1,생산기술 섬유재단미싱 경력 모집합니다 섬유재단미싱 현실형,3
2,경비직원 모집 경비보안 현실형,12
3,초록면가 홀서빙주방보조 정직원 주방주방보조설거지 서빙포장 현실형,15
4,고기굽는남자 명점 주방보조 및 설거지 시분시 월만원 연차제공 요리서빙 기타 주방주방보조설거지 현실형,3
5,작업기사관리자및 플라스틱선별직원하이카압축차 운전 청소미화방역 서비스 기타 화물중장비특수차 현실형,13
6,체육복 제조업체 구찌사공장책임자미싱사재단사시다공아이롱사 각명 섬유재단미싱 포장검사 사회형,4
7,무료 체험실 남녀 정직원 및 알바 모집 의료기 체험실 홍보관 매장 등 초보자환영 화장품뷰티헬스스토어 상담영업기타 현실형,17
8,구내식당 대체조리원시시분 일당만 시분저시분 일당만 주방주방보조설거지 요리서빙 기타 현실형,9
9,생산기술 기타 현실형,10
10,홀서빙 구함 서빙포장 현실형,14
11,더리본 장례도우미 상례사웨딩플래너 분야별 남여 누구나 초보자환영 상조웨딩연회 서빙포장 주방주방보조설거지 현실형,9
12,더 조은 가족을 모심 요양보호사 간병사 남여 자격증 무관 요양간병돌봄 요양간호의료 기타 아웃바운드 사회형,11
13,주방보조 홀서빙 모집 주방주방보조설거지 주방장조리사 서빙포장 현실형,12
14,에리후세 잘하시는분 본봉사 급 급구 섬유재단미싱 생산제조조립인쇄 생산기술 기타 현실형,9
15,홀서빙 주방정직원 모집 요리서빙 기타 서빙포장 주방주방보조설거지 현실형,8
16,미싱사 미싱보조 직원 모집 섬유재단미싱 현실형,4
17,홀서빙주방 정규직 주방주방보조설거지 서빙포장 요리서빙 기타 현실형,12
18,홀서빙 정직원 월회월회휴무 요리서빙 기타 서빙포장 현실형,6
19,장례행사 단순 도우미서빙세팅웨딩플래너상례사모집초보누구나환영 서빙포장 주방주방보조설거지 카운터 현실형,9
20,국밥집 홀서빙 주일 교대휴무 월만 요리서빙 기타 서빙포장 현실형,10
21,신라농원 육부보조 면부 직원모집합니다 요리서빙 기타 주방주방보조설거지 현실형,15
22,요양보호사 남 여 모집 요양간병돌봄 사회형,4
23,미싱사 명 시다 명 하도매 남여명 금속금형 섬유재단미싱 생산제조조립인쇄 현실형,4
24,배식부 구인시간근무초보주부외국인가능 주방주방보조설거지 주방장조리사 현실형,9
25,부산경마공원 마사회 직원식당 조리원 모집 시시주일부산 강서구 범방동 주방주방보조설거지 주방장조리사 서빙포장 현실형,7
26,주간 주방 주간 홀서빙 모집 주방주방보조설거지 서빙포장 현실형,4
27,제니엘시스템부산사무업무내근직오전시오후시 초보자가능명퇴자주부가능 사무기획관리홍보 경리세무회계 탐구형,9
28,직원 모집 급여시간 근무지별 상이 상세내용 참조각담당자 연락처확인 주방장조리사 주방주방보조설거지 현실형,2
29,주방 유경험자 오전반오후반 격주로테이션근무 모집 주방장조리사 주방주방보조설거지 현실형,3
30,미싱사삼봉사오바사정리모집 섬유재단미싱 사회형,9
31,미싱사 시다 직원모집합니다 생산기술 기타 섬유재단미싱 생산제조조립인쇄 현실형,11
32,파출부 일하실분 쓰실분 구내식당일반식당청소 가사도우미등 모든일자리제공 주방주방보조설거지 가사도우미베이비시터 청소미화방역 현실형,9
33,부산직업소개소가사원일자리 전문업체 입주청소가정도우미홀서빙주방보조설것이주방메인외 청소미화방역 주방주방보조설거지 가사도우미베이비시터 현실형,5
34,장례행사 도우미서빙세팅 웨딩플래너상례사영업사원 모집 상조웨딩연회 서빙포장 주방주방보조설거지 현실형,9
35,미화원 모집 청소미화방역 현실형,2
36,식품회사 주간생산물류 포장실남여 물류관리 신체건강한분 생산제조조립인쇄 농수산물 가공식품 제조 포장검사 현실형,2
37,주방정직원 모집합니다 주방주방보조설거지 요리서빙 기타 현실형,16
38,자반제조업체 현장생산직 정직원 구함 농수산물 가공식품 제조 생산제조조립인쇄 현실형,10
39,부산축산농협 한우프라자 홀 서빙초보 환영 직원을 모집합니다 서빙포장 현실형,7
40,홀서빙 구함 주일근무 월만 서빙포장 주방주방보조설거지 현실형,11
41,홀주방 정직원 모집 서빙포장 주방주방보조설거지 주방장조리사 현실형,13
42,주방조리오전오후 주방보조오전종일오후 모집 주방주방보조설거지 주방장조리사 현실형,16
43,부산 하나로푸드 정육파트사원 교대근무가능하신분 월회휴무 마트슈퍼 유통판매 기타 축산청과농수산 현실형,9
44,선박 줄잡이 업무 사원 수동운전필수 급구 건설현장 자동차정비조선선원 건설토목 기타 현실형,10
45,메모지전단 배포 알바 모집합니다 서비스 기타 상담영업기타 금융보험카드 현실형,8
46,생산 현장직 초보자 유리재단기사 경력자 모집 생산제조조립인쇄 섬유재단미싱 건설토목 기타 현실형,3
47,홀서빙 정직원 주말알바 구함 서빙포장 현실형,2
48,파출부 식당업소 일하실분 쓰실분 모집 청소미화방역 가사도우미베이비시터 주방주방보조설거지 현실형,10
49,셔츠 전문업체 본봉사 특종 구함 섬유재단미싱 사회형,11
50,부산건설현장인력 함께 일할분 출력 당일지급 초보경력자알바환영 생산제조조립인쇄 건설마감 건설현장 현실형,4
51,오픈충분한제공신입만교육비만재택가능 인바운드 아웃바운드 금융보험카드 탐구형,9
52,신입만원교육비만원면접선물재택가능 인바운드 아웃바운드 금융보험카드 탐구형,11
53,신입만원교육비만원면접선물경력우대 인바운드 아웃바운드 금융보험카드 탐구형,9
54,상담 교육비 신입만 경력전직소득보장 인바운드 아웃바운드 금융보험카드 탐구형,9
55,시간 상담직 교육비만신입만경력전소득보장 인바운드 아웃바운드 금융보험카드 일반기술영업 탐구형,9
56,시시 재택가능교육비만신입만경력업적무관만 인바운드 아웃바운드 금융보험카드 탐구형,9
57,닭고기 단순가공작업 직원모집 생산제조조립인쇄 농수산물 가공식품 제조 포장검사 현실형,13
58,도경기업 생산검사 직원 모집합니다 생산제조조립인쇄 생산기술 기타 포장검사 현실형,10
59,롯데백화점부산본점 미화원 모집 청소미화방역 현실형,9
60,구내식당 주말공휴일 조리원 시시 일당만원 주말공휴일조리가능자 주방주방보조설거지 요리서빙 기타 현실형,2
61,신한여객영도 구내식당 조리하실분 구합니다 주방주방보조설거지 주방장조리사 현실형,17
62,주야간 환경미화원 모집주일 청소미화방역 모텔호텔숙박 현실형,12
63,웨딩더파티 행사도우미 서빙셋팅정리하실분 일만이상가능미성년제외 문화여가생활 기타 서빙포장 상조웨딩연회 현실형,9
64,주방보조 구합니다 주방주방보조설거지 요리서빙 기타 현실형,13
65,주방보조 구함 본죽앤비빔밥 주방주방보조설거지 현실형,4
66,카페 오픈전 매장청소 하신분 구합니다 주방주방보조설거지 현실형,12
67,꼬마김밥집에서 일하실분 구합니다 요리서빙 기타 현실형,11
68,의지보조기 간단한사무 및 외근업무 직원 모집 종보통운전가능한분 사무기획관리홍보 생산제조조립인쇄 탐구형,4
69,당리 꼬막정찬 주방직원 주방홀 아르바이트 채용 주방주방보조설거지 주방장조리사 현실형,10
70,주일 시급 원 모집 요리서빙 기타 서빙포장 주방주방보조설거지 현실형,3
71,병원 조리원 명 모집 주방주방보조설거지 요리서빙 기타 현실형,5
72,주례 장원갈비 홀서빙 정직원 모집합니다 요리서빙 기타 서빙포장 현실형,4
73,롯데 동부산 아울렛 라이프워크 직원구합니다 유통판매 기타 현실형,2
74,부산 전지역 요양병원 간병사 모집합니다 시간 시간 시간 구함 성별 무관 요양간병돌봄 사회형,11
75,메드윌병원 영양과 조리사조리원 구인 주방장조리사 주방주방보조설거지 현실형,13
76,고봉민김밥명지점 오후김밥직원구함 화금 오후오후시 주방장조리사 주방주방보조설거지 요리서빙 기타 현실형,7
77,시급 원 월만이상주일제 주방주방보조설거지 주방장조리사 서빙포장 현실형,7
78,직원구합니다용접가능자 우대 생산제조조립인쇄 건설토목 기타 현실형,1
79,함경면옥 동래본점 주방 정직원 구합니다 요리서빙 기타 현실형,3
80,구내식당 조리사 조리사 자격증필수조리원 모집 주방장조리사 주방주방보조설거지 요리서빙 기타 현실형,17
81,주방직원 구합니다 요리서빙 기타 현실형,13
82,태종대 조개구이촌 올레에서 이모 모집합니다 요리서빙 기타 현실형,17
83,사미헌 아침 청소 해주실 분 모집합니다 유통판매 기타 서빙포장 주방주방보조설거지 현실형,9
84,전단지 아르바이트 경력자모집 서비스 기타 현실형,3
85,삼겹이네 연동점자이주유소 옆 홀알바주말반파트타임초보환영 요리서빙 기타 현실형,11
86,한밥구내식당 주방보조 요리서빙 기타 주방주방보조설거지 현실형,4
87,파트타임 신입경력 상담원 모집 인바운드 아웃바운드 금융보험카드 탐구형,9
88,주방 및 김밥 가족을 모십니다 상세 정보 참조해 주세요 주방주방보조설거지 주방장조리사 서빙포장 현실형,9
89,치과에서 일하실분 초보가능 간호조무사간호사 사회형,3
90,사직동 오후 주방직원 모집합니다상세내용 필독 요리서빙 기타 현실형,3
91,꿀알바주급지급문현동 롯데택배 오후 상하차 인원 모집 서비스 기타 택배물류 건설토목 기타 현실형,8
92,호텔 구내식당 조리원 직원 모집 주방주방보조설거지 주방장조리사 현실형,12
93,쌍둥이 돼지국밥 주방장 구합니다 요리서빙 기타 현실형,3
94,꿀알바주급지급문현동 롯데택배 오후 상하차 인원 모집 서비스 기타 택배물류 건설토목 기타 현실형,9
95,꿀알바주급지급문현동 롯데택배 오전 상하차 인원 모집 서비스 기타 택배물류 건설토목 기타 현실형,8
96,제니엘시스템부산사무업무내근직오전시오후시 초보자가능명퇴자주부가능 사무기획관리홍보 탐구형,9
97,종합 분식점 오후 판매 홀서빙 명 직원 모십니다 요리서빙 기타 서빙포장 주방장조리사 탐구형,3
98,제과점 월금 매장알바 구합니다 주방주방보조설거지 현실형,9
99,사직동 오후 주방직원 모집합니다상세내용 필독 요리서빙 기타 현실형,3
100,한솥도시락 반여점 오후월화수목 아르바이트 구합니다 요리서빙 기타 현실형,12
101,대패 부전동 주방장 직원모집 요리서빙 기타 주방장조리사 현실형,9
102,롯데백화점 광복점 모시모시초밥집에서 홀서빙직원및 아르바이트 구합니다 요리서빙 기타 백화점아울렛쇼핑몰 서빙포장 현실형,6
103,웨딩더파티 간단한 서빙셋팅정리 모집일만원이상가능 미성년자불가 서빙포장 청소미화방역 상조웨딩연회 현실형,15
104,웨딩더파티 간단한 서빙셋팅정리 모집일만원이상가능 주부중장년 서빙포장 청소미화방역 상조웨딩연회 현실형,11
105,남녀간단한 서빙셋팅정리하실분일만원 미성년자불가 문화여가생활 기타 서빙포장 상조웨딩연회 현실형,4
106,남녀간단한 서빙셋팅정리하실분일만원 미성년자불가 문화여가생활 기타 서빙포장 상조웨딩연회 현실형,9
107,미싱사미싱보조 구합니다 섬유재단미싱 사회형,15
108,주방보조 남여 구함 주일근무 종일반오전반오후반 주방주방보조설거지 현실형,4
109,푸르지오아파트 현장 시스템가구 시스템에어컨 콘센트 커버 탈부착 다기능공 구 건설현장 건설토목 기타 현실형,8
110,시파트재택가능 교육비신입만경력만보장면접선물 인바운드 아웃바운드 금융보험카드 탐구형,7
111,시시 재택가능교육비만신입만경력업적무관만 인바운드 아웃바운드 금융보험카드 탐구형,11
112,포장이사업체 이삿짐 직원구합니다 택배물류 건설토목 기타 배송이사 현실형,13
113,경원산업 취부 용접사 구인 공고 취부 용접사 사상 현실형,7
114,포코중공업 특수용접기능사 구인 공고 자격증 필수 특수용접기능사 알곤용접 자격증 필수 현실형,10
115,동래정화 경리사무원 전화응대 및 경리 현실형,3
116,모두랑 제조단순종사자 구인 공고 제조단순종사자 현실형,7
117,포코중공업 특수용접기능사 구인 공고 자격필수 특수용접기능사 알곤용접 현실형,10
118,글로벌 자동차운전원 구인 공고 남자운전필수 자동차 운전원 거래처 납품 및 관리 현장관리 탐구형,4
119,숲사랑어린이집 어린이집 조리사 구인 공고 어린이집 조리사 현실형,3
120,아쿠아셀 환경기계설비 연구개발 및 공사 프로젝트 매니저 업무 수행 현실형,7
121,웰니스병원 기타보건의료종사원 구인 공고 기타 보건의료 종사원 의료기구 및 병실 베드 관리 환자 이동 및 보조 탐구형,11
122,수요양병원 조리사 구인 공고 조리사 사회형,9
123,효성프라요양병원 간호조무사 구인 공고 간호조무사 사회형,4
124,진흥산업 변압기 용접원 구인 공고 변압기 내 외부 용접 현실형,7
125,수변최고 해운대점 조리사 구인 공고 조리사 유관경력 우대 현실형,12
126,수변최고 미포점 조리사 구인 공고 조리사 유관경력 우대 현실형,9
127,수변최고 롯데점 조리사 구인 공고 조리사 유관경력 우대 현실형,9
128,금수복국 롯데점 조리사 구인 공고 조리사 유관경력 우대 현실형,9
129,수변최고돼지국밥 송정점 조리사 구인 공고 조리사 유관경력 우대 현실형,12
130,택시운전원 현실형,11
131,한국보상원 사무원 구인 공고 사무원 손실 보상 및 협의 사무 보조 관습형,12
132,쁘띠쁘아유치원 유치원 조리사 구인 공고 어린이집 조리사 현실형,3
133,드림나라병원 기타 보건 의료 종사원 공고 운전필수 기타 보건 의료 종사원 환자 안내 및 관리 주차지원 등 탐구형,11
134,도시농사꾼 농업회사법인 버섯 재배 및 물류관리 구인 공고 용호별빛공원 내 버섯재배 및 물류관리 탐구형,8
135,에프지인더스트리 선박설계사 구인 공고 선박설계 년 이상 경력필수 영어회화 가능자비즈니스 회화 능통자 대우조선한진중공업 출신 우대 현실형,12
136,제과제빵 음료제조사 조리사 근면 성실하고 오래 근무 가능한 사람 우대 현실형,1
137,수변최고돼지국밥 조리사 구인 공고 조리사 유관경력 우대 현실형,5
138,수변최고돼지국밥 센텀점 조리사 구인 공고 조리사 유관경력 우대 현실형,12
139,금수복국 온천점 조리사 구인 공고 조리사 유관경력 우대 현실형,3
140,금수복국 센텀벡스코점 조리사 구인 공고 조리사 유관경력 우대 현실형,12
141,금수복국 동래점 조리사 구인 공고 조리사 유관경력 우대 현실형,3
142,우진피엠이 사상연마 기술직 구인 공고 현실형,1
143,해뜨는어린이집 어린이집 조리사 구인 공고 어린이집 조리사 현실형,8
144,꿈드림키즈 보육보조교사 구인 공고 어린이집 보육보조 교사 사회형,11
145,시설특수관리 빌딩전기관리 호텔 시설물 유지보수 등 경력자 우대 중식제공 현실형,8
146,동창주조창 주조원 주조원 조형 조형중자 및 합형 생산 작업 현실형,4
147,하운드호텔 부산역점 호텔조리사 구인 공고 호텔 조리사 유관경력 또는 한식양식 자격증 소지자 우대 조식 직원식 런치 조리 현실형,14
148,어린이집 어린이집 운전원 구인 공고 어린이집 운전 남자 우대 현실형,11
149,택시운전원 현실형,13
150,사회복지 및 상담원 정보시스템 운영자 네트워크 운영자 사회과학 연구원 현실형,8
151,신한택시 택시운전원 구인 공고 택시운전원 현실형,13
152,아파트 청소원 모집 사업시설 유지관리 서비스업 관계없음 탐구형,4
153,시우스오피스텔 경비원 구인 인력 공급업 관계없음 현실형,10
154,재가요양보호사 모집 사회복지 상담서비스 제공업 요양보호사필수 사회형,16
155,재가요양보호사 모집 사회복지 상담서비스 제공업 요양보호사필수 사회형,16
156,아파트 경비원 모집 상용 인력 공급 및 인사관리 서비스업 관계없음 탐구형,9
157,식판통 배송 및 세척직원 모집정관 그 외 기타 달리 분류되지 않은 개인 서비스업 자동차운전면허필수 기타 톤 탑차운전 필수수동기어 현실형,2
158,재가요양보호사 모집 노인 요양 복지시설 운영업 요양보호사필수 사회형,13
159,정요양병원 미화원 모십니다 건축설계 및 관련 서비스업 관계없음 사회형,17
160,요양보호사 모집 노인 요양 복지시설 운영업 요양보호사필수 사회형,12
161,재가요양보호사 모집장안 방문 복지서비스 제공업 요양보호사필수 사회형,2
162,입주 재가요양보호사 모집 건강보험업 요양보호사필수 사회형,13
163,재가요양보호사 모집 그 외 기타 보건업 요양보호사필수 사회형,9
164,경비원 사업시설 유지관리 서비스업 관계없음 탐구형,7
165,효산요양원 시설요양보호사 구인 노인 요양 복지시설 운영업 관계없음 사회형,2
166,자반공등어 가공업체 작업장근무자 구인 신선 냉동 및 기타 수산물 도매업 관계없음 현실형,10
167,오즈소아청소년과의원 조리사 모집정관 보건업 한식조리기능사필수 현실형,2
168,재가요양보호사 모집일광 방문 복지서비스 제공업 요양보호사필수 사회형,2
169,재가요양보호사 그 외 기타 보건업 요양보호사필수 사회형,7
170,그 외 기타 숙박업 관계없음 현실형,9
171,재가요양보호사 모집 방문 복지서비스 제공업 요양보호사급필수 사회형,4
172,재가요양보호사 모집 노인 요양 복지시설 운영업 요양보호사필수 사회형,14
173,재가요양보호사 모집 그 외 기타 보건업 요양보호사필수 사회형,8
174,재가 요양보호사 모집 개인 간병 및 유사 서비스업 요양보호사급필수 사회형,9
175,재가요양보호사 모집정관 노인 요양 복지시설 운영업 요양보호사필수 사회형,2
176,요양보호사 모집 그 외 기타 보건업 요양보호사급필수 사회형,3
177,재가요양보호사 모집 그 외 기타 비거주 복지 서비스업 요양보호사필수 사회형,9
178,재가요양보호사 모집 오전여자등급주 일 사회복지 상담서비스 제공업 요양보호사급필수 사회형,9
179,빌딩 미화원 모십니다 경비 및 경호 서비스업 관계없음 현실형,6
180,재가요양보호사 구인 그 외 기타 거주 복지시설 운영업 요양보호사필수 사회형,2
181,강서구청인근 과일가공 단순업무자 채용 과실 및 그 외 채소 절임식품 제조업 관계없음 현실형,7
182,주야간보호센터 운전기사님 모십니다 기타 부동산 임대업 자동차운전면허종보통필수 사회형,6
183,해운대 대동타운 아파트 미화원 채용 경비 및 경호 서비스업 관계없음 현실형,12
184,김해국제공항 안내보안 업무 사업시설 유지관리 서비스업 관계없음 탐구형,7
185,재가 요양보호사 채용 방문 복지서비스 제공업 요양보호사필수 사회형,9
186,재가요양보호사 구인 그 외 기타 비거주 복지 서비스업 요양보호사필수 사회형,10
187,부산서부터미널 및 애플아울렛 미화업무 사업시설 유지관리 서비스업 관계없음 탐구형,4
188,재가요양보호사 모집 방문 복지서비스 제공업 요양보호사필수 사회형,9
189,등급여자 어르신 노인 요양 복지시설 운영업 요양보호사급필수 사회형,8
190,아파트 미화원 모집 사업시설 유지관리 서비스업 관계없음 탐구형,9
191,재가요양보호사 노인 요양 복지시설 운영업 요양보호사필수 사회형,15
192,재가요양보호사 모집 사회복지 상담서비스 제공업 관계없음 사회형,3
193,등급 여자어르신 돌봄 방문 복지서비스 제공업 요양보호사필수 현실형,12
194,아파트 청소원외곽 모집 경비 및 경호 서비스업 관계없음 현실형,10
195,병원식당 조리원 및 주방보조원 모집 그 외 기타 보건업 관계없음 현실형,4
196,재가요양보호사 모집 그 외 기타 비거주 복지 서비스업 요양보호사급필수 사회형,9
197,재가요양보호사 채용합니다 개인 간병 및 유사 서비스업 요양보호사필수 사회형,11
198,빌딩 청소원 소독 구충 및 방제 서비스업 관계없음 현실형,15
199,빌딩미화원 채용 소독 구충 및 방제 서비스업 관계없음 현실형,2
200,명지 우아한방병원 조리사님 채용 한방 병원 한식조리기능사우대 현실형,7
201,구서동 오피스텔 경비원 모집 경비 및 경호 서비스업 관계없음 현실형,13
202,등급 할머니 오전주일 재가요양보호사 모집 방문 복지서비스 제공업 요양보호사필수 사회형,14
203,요양보호사 채용 방문 복지서비스 제공업 요양보호사급필수 사회형,13
204,재가요양보호사 모집 방문 복지서비스 제공업 요양보호사필수 사회형,5
205,구내식당 조리원 모집 육지동물 및 반려동물 도매업 관계없음 현실형,4
206,재가요양보호사 모집 사회복지 상담서비스 제공업 요양보호사필수 기타 요양보호사 급자격증 사회형,17
207,재가요양보호사 모집 그 외 기타 보건업 요양보호사필수 사회형,4
208,재가요양보호사 방문 복지서비스 제공업 요양보호사급필수 사회형,15
209,재가요양보호사 모집 방문 복지서비스 제공업 요양보호사필수 사회형,10
210,다대포 다대수병원 조리사 구인합니다 일반 병원 한식조리기능사필수 기타 인근거주자 우대 현실형,10
211,재가요양보호사 모집합니다 노인 요양 복지시설 운영업 요양보호사필수 사회형,3
212,재가요양보호사 모집 그 외 기타 거주 복지시설 운영업 요양보호사필수 사회형,12
213,재가요양보호사 모집 노인 요양 복지시설 운영업 요양보호사필수 기타 치매교육이수증 사회형,17
214,등급 할머니재가요양보호사 채용 방문 복지서비스 제공업 요양보호사필수 사회형,14
215,재가요양보호사 모집 방문 복지서비스 제공업 요양보호사필수 사회형,3
216,아파트 경비원 채용 부동산 관련 서비스업 관계없음 현실형,10
217,재가요양보호사 모십니다 그 외 기타 비거주 복지 서비스업 요양보호사필수 사회형,6
218,재가요양보호사 모집 방문 복지서비스 제공업 요양보호사급필수 사회형,2
219,오후시반시 등급 여자어르신 돌봄 방문 복지서비스 제공업 요양보호사필수 현실형,9
220,아파트 경비원 구인 가상자산 매매 및 중개업 관계없음 현실형,10
221,방문요양 요양보호사 모집 사회복지 서비스업 요양보호사필수 사회형,14
222,요양병원 조리사 채용 요양 병원 한식조리기능사필수 기타 外 기타 조리사 자격증 사회형,10
223,대신해모로센트럴 아파트 미화원 외곽 미화원 채용 경비 및 경호 서비스업 관계없음 현실형,16
224,재가요양보호사 모집 사회복지 상담서비스 제공업 요양보호사급필수 사회형,12
225,등급 여자 어르신오전주일재가 요양보호사 채용 방문 복지서비스 제공업 요양보호사필수 사회형,14
226,한방병원 미화원 모집 경비 및 경호 서비스업 관계없음 현실형,3
227,호텔 룸메이드 구인 일반 및 생활 숙박시설 운영업 관계없음 현실형,14
228,재가요양보호사 선생님을 모집 방문 복지서비스 제공업 요양보호사필수 사회형,12
229,재가요양보호사 모집일광 농산물 건조 선별 및 기타 수확 후 서비스업 요양보호사급필수 현실형,2
230,재가 요양보호사 모집 오전등급남자주 일 방문 복지서비스 제공업 관계없음 사회형,9
231,재가요양보호사 모집기장 노인 요양 복지시설 운영업 요양보호사필수 사회형,2
232,재가요양보호사 모집 방문 복지서비스 제공업 요양보호사필수 사회형,9
233,재가요양보호사 모집 노인 요양 복지시설 운영업 요양보호사급필수 사회형,9
234,재가요양보호사 모집 보건업 요양보호사필수 사회형,17
235,조리사 보조어린이집 조리보조 업무 유아 교육기관 관계없음 현실형,12
236,남구 용호동 요양보호사님을 모집합니다 그 외 기타 비거주 복지 서비스업 요양보호사필수 사회형,8
237,재가요양보호사 채용치매교육이수자 방문 복지서비스 제공업 요양보호사급필수 사회형,5
238,재가요양보호사 모집 정관 그 외 기타 비거주 복지 서비스업 요양보호사필수 사회형,2
239,재가요양보호사 구인 노인 요양 복지시설 운영업 관계없음 사회형,5
240,아파트 미화원 모집정관 경비 및 경호 서비스업 관계없음 현실형,2
241,장애인활동지원사 모집 방문 복지서비스 제공업 관계없음 현실형,2
242,퇴원환자 안심돌봄 서비스 요양보호사님 모십니다 그 외 기타 비거주 복지 서비스업 요양보호사필수 사회형,6
243,아파트 경비원 모집 사업시설 유지관리 서비스업 관계없음 탐구형,5
244,재가요양보호사 모집 방문 복지서비스 제공업 요양보호사급필수 사회형,11
245,재가요양보호사병원투석동행 노인 요양 복지시설 운영업 요양보호사필수 사회형,5
246,재가요양보호사 모집 사회복지 상담서비스 제공업 요양보호사필수 사회형,8
247,다이캐스팅 제조 생산업무 주형 및 금형 제조업 관계없음 현실형,4
248,재가요양보호사 모집 사회복지 상담서비스 제공업 요양보호사필수 사회형,8
249,을숙도 장애인스포츠센터 미화원 모집 경비 및 경호 서비스업 관계없음 현실형,10
250,사하구 구평동 편한세상사하차아파트 미화원 모집 경비 및 경호 서비스업 관계없음 현실형,10
251,장애인활동지원사 모집 방문 복지서비스 제공업 관계없음 현실형,3
252,재가요양보호사 모집 그 외 기타 보건업 요양보호사필수 사회형,4
253,재가요양보호사 모집 보건업 요양보호사필수 사회형,10
254,치매교육 재가요양보호사 구인 개인 간병 및 유사 서비스업 요양보호사필수 사회형,13
255,재가요양보호사 모집 방문 복지서비스 제공업 요양보호사필수 사회형,5
256,시간 재가요양보호사 모집 방문 복지서비스 제공업 요양보호사필수 사회형,3
257,재가요양보호사 모집일광 학리 노인 요양 복지시설 운영업 요양보호사필수 사회형,2
258,재가요양보호사 모집 방문 복지서비스 제공업 요양보호사필수 사회형,11
259,그 외 기타 비거주 복지 서비스업 요양보호사필수 현실형,15
260,재가요양보호사 모집 노인 요양 복지시설 운영업 요양보호사필수 사회형,8
261,배산역 인근 요양보호사 구인 방문 복지서비스 제공업 요양보호사급필수 사회형,11
262,재가요양보호사 모집 노인 요양 복지시설 운영업 요양보호사급필수 사회형,13
263,사상구청 채용대행 아파트 청소원외곽 모집 경비 및 경호 서비스업 관계없음 현실형,12
264,재가요양보호사 모집 노인 요양 복지시설 운영업 요양보호사필수 사회형,3
265,요양보호사 모집 방문 복지서비스 제공업 요양보호사필수 사회형,12
266,남구 용호동 아파트 커뮤니티 미화원남성분채용 사업시설 유지관리 서비스업 관계없음 탐구형,8
267,재가요양보호사 모집 방문 복지서비스 제공업 요양보호사급필수 사회형,6
268,재가요양보호사 모집 방문 복지서비스 제공업 요양보호사필수 사회형,13
269,주하나티엠 아파트미화원 모집기장 건물 및 토목 엔지니어링 서비스업 관계없음 현실형,2
270,현대차아파트 미화원 모집 주거용 부동산 관리업 관계없음 탐구형,12
271,재가요양보호사 모집 방문 복지서비스 제공업 요양보호사필수 사회형,13
272,사하구 스틸 청소원 구인 소독 구충 및 방제 서비스업 관계없음 현실형,10
273,재가요양보호사 구인 개인 간병 및 유사 서비스업 요양보호사필수 사회형,11
274,재가요양보호사님 모십니다 방문 복지서비스 제공업 요양보호사필수 사회형,6
275,재가요양보호사 모집 방문 복지서비스 제공업 요양보호사필수 기타 치매교육이수증 필수 사회형,6
276,미화원 모집 임시 및 일용 인력 공급업 관계없음 현실형,10
277,재가요양보호사방문목욕 모집 노인 요양 복지시설 운영업 요양보호사급필수 사회형,10
278,재가요양보호사 모집 노인 요양 복지시설 운영업 요양보호사필수 사회형,7
279,신명나는 데이케어 센터 주간보호센터 요양보호사 구인합니다 노인 요양 복지시설 운영업 자동차운전면허종보통필수 요양보호사필수 사회형,9
280,재가요양보호사 채용 방문 복지서비스 제공업 요양보호사급필수 사회형,12
281,자동미싱장비 조작업무 기타 섬유 의복 및 가죽 가공 기계 제조업 관계없음 현실형,13
282,경비원모집 경비 및 경호 서비스업 관계없음 현실형,13
283,재봉 미싱 경력자 모집 기타 섬유 의복 및 가죽 가공 기계 제조업 관계없음 현실형,13
284,더샾 아델리스 여 미화원 모집 경비 및 경호 서비스업 관계없음 현실형,12
285,재가요양보호사 모십니다 그 외 기타 비거주 복지 서비스업 요양보호사필수 사회형,6
286,재가요양보호사 모십니다등급오전남자어르신주일 사회복지 상담서비스 제공업 요양보호사필수 사회형,15
287,등급 할머니독거 재가 요양보호사 채용 그 외 기타 비거주 복지 서비스업 요양보호사필수 사회형,14
288,냉동수산물 판매 및 창고정리원 모집 신선 냉동 및 기타 수산물 도매업 자동차운전면허우대 현실형,16
289,재가요양보호사 모집 방문 복지서비스 제공업 요양보호사급필수 사회형,5
290,요양보호사 모집 방문 복지서비스 제공업 요양보호사급필수 사회형,17
291,재가요양보호사 주일 오후등급 남자어르신 노인 요양 복지시설 운영업 관계없음 사회형,9
292,장애인활동지원사 구인 방문 복지서비스 제공업 관계없음 현실형,12
293,일광 재가요양보호사 모집 사회복지 상담서비스 제공업 요양보호사필수 사회형,2
294,부산역인근 호텔 객실메이드 채용 그 외 기타 숙박업 관계없음 현실형,14
295,아파트 미화원 구인 주거용 부동산 관리업 관계없음 탐구형,10
296,남구 대연동 요양보호사님을 모집합니다 방문 복지서비스 제공업 요양보호사급필수 사회형,8
297,재가요양보호사님 모십니다 그 외 기타 비거주 복지 서비스업 요양보호사필수 사회형,14
298,주간보호센터 요양보호사 모집 노인 요양 복지시설 운영업 요양보호사필수 사회형,15
299,재가요양보호사 모집 방문 복지서비스 제공업 요양보호사필수 사회형,11
300,재가요양보호사 채용 방문 복지서비스 제공업 요양보호사필수 사회형,3
301,등급 할머니 오전 재가요양보호사 모집 방문 복지서비스 제공업 요양보호사필수 사회형,8
302,장애인 활동지원사 모십니다 방문 복지서비스 제공업 관계없음 현실형,17
303,셔츠교복제작 미싱사 및 보조원 모집 봉제의복 제조업 관계없음 현실형,11
304,장애인활동지원사 모집입니다 방문 복지서비스 제공업 관계없음 현실형,11
305,재가요양보호사 모집 노인 요양 복지시설 운영업 요양보호사급필수 사회형,5
306,버스 실내 및 사무실 미화원 채용 사업지원 서비스업 관계없음 현실형,13
307,봉생힐링병원 통합간호병동 요양보호사 개인 간병 및 유사 서비스업 요양보호사필수 사회형,8
308,시간 재가요양보호사 모집 개인 간병 및 유사 서비스업 요양보호사급필수 사회형,13
309,재가요양보호사 모집 개인 간병 및 유사 서비스업 요양보호사필수 사회형,10
310,시간 재가요양보호사 모집 방문 복지서비스 제공업 요양보호사필수 사회형,9
311,대신동 재가요양보호사 모집 사회복지 상담서비스 제공업 요양보호사필수 사회형,16
312,재가요양보호사 구인 방문 복지서비스 제공업 요양보호사필수 사회형,11
313,치매이수 재가요양보호사 모집 사회복지 상담서비스 제공업 요양보호사필수 사회형,8
314,등급 여자어르신 요양보호사 채용 오전 또는 오후 선택 가능 사회복지 상담서비스 제공업 요양보호사필수 사회형,5
315,과자류 제조 생산원 모집 과자류 및 코코아 제품 제조업 관계없음 현실형,7
316,경비원명 미화원명 모집 경비 및 경호 서비스업 관계없음 현실형,11
317,미화 청소 채용 공중 보건 의료업 관계없음 현실형,10
318,재가요양보호사 채용 노인 요양 복지시설 운영업 요양보호사필수 사회형,17
319,재가요양보호사 모집 사회복지 상담서비스 제공업 요양보호사필수 사회형,16
320,아파트 청소원 모집 사업시설 유지관리 서비스업 관계없음 탐구형,13
321,재가요양보호사 구인 방문 복지서비스 제공업 요양보호사급필수 사회형,9
322,주간보호센터 시설요양보호사 모집 사회복지 상담서비스 제공업 요양보호사필수 자동차운전면허종보통필수 사회형,8
323,요양보호사 모집 방문 복지서비스 제공업 요양보호사필수 기타 건강검진결과 통보서 사회형,12
324,병동보호사 채용 일반 병원 간호조무사우대 요양보호사우대 사회형,10
325,부산진소방서 구내식당 조리사 모집 경비 및 경호 서비스업 관계없음 현실형,9
326,주방보조원 모집 음식점업 관계없음 현실형,9
327,산후도우미 모집 방문 복지서비스 제공업 관계없음 사회형,12
328,병원 조리보조원 채용 기관 구내식당업 관계없음 현실형,3
329,부산큰병원 청소원 모집 경총중장년내일센터 채용대행 건축물 일반 청소업 관계없음 현실형,9
330,가산사회복지사 급구 방문 복지서비스 제공업 사회복지사필수 현실형,12
331,부산 잡 페스티벌 참가 업체 신세계 스파랜드 센텀시티점 환경 주간야간 미화원 채용 음식점업 관계없음 현실형,12
332,주례동 재가 요양보호사 모집 노인 요양 복지시설 운영업 요양보호사필수 사회형,4
333,등급 대 독거 할머니 오후 시 주일 재가요양보호사 모집 방문 복지서비스 제공업 요양보호사급필수 기타 사회형,4
334,부산 잡 페스티벌 참가 업체 신세계 스파랜드 센텀시티점 주방 스튜어드기물 사원 채용 음식점업 관계없음 현실형,12
335,부산 잡 페스티벌 참가 업체 신세계 스파랜드 센텀시티점 카페 서비스 사원 채용 음식점업 관계없음 현실형,12
336,부산 잡 페스티벌 참가 업체 신세계 스파랜드 센텀시티점 키친 조리사 채용 음식점업 관계없음 현실형,12
337,재가요양보호사 구인 노인 요양 복지시설 운영업 요양보호사필수 사회형,5
338,요양병원 급식보조원 채용 요양 병원 관계없음 사회형,3
339,부산큰병원 시설관리원 모집 경총중장년내일센터 채용대행 건축물 일반 청소업 관계없음 탐구형,9
340,재가요양보호사 모집기장 개인 간병 및 유사 서비스업 요양보호사필수 사회형,2
341,주소담소담 주방 직원 구인 육류 포장육 및 냉동육 가공업 가금류 제외 관계없음 현실형,2
342,재가 요양보호사 구인 방문 복지서비스 제공업 요양보호사우대 사회형,14
343,등급 할머니 오전시시 주 일 재가요양보호사 구인 사회복지 서비스업 요양보호사필수 사회형,10
344,재가요양보호사 모집 노인 요양 복지시설 운영업 요양보호사필수 사회형,2
345,부산 잡 페스티벌 참가 업체 그랜드조선 호텔 주방 內 스튜어드기물 사원 채용 상용 인력 공급 및 인사관리 서비스업 관계없음 탐구형,12
346,장애인활동지원사 모십니다 방문 복지서비스 제공업 관계없음 현실형,17
347,재가 요양보호사 구인 방문 복지서비스 제공업 요양보호사우대 사회형,17
348,주간보호센터 요양보호사 모집 그 외 기타 비거주 복지 서비스업 요양보호사필수 자동차운전면허필수 사회형,10
349,재가요양보호사 모집 노인 요양 복지시설 운영업 요양보호사급필수 사회형,4
350,개금동 재가 요양보호사 모집 사회복지 상담서비스 제공업 관계없음 사회형,9
351,주간보호센터_운전원 구합니다 노인 요양 복지시설 운영업 자동차운전면허종보통필수 사회형,10
352,대신해모로센트럴 아파트 사우나 미화원 채용 야간 경비 및 경호 서비스업 관계없음 현실형,16
353,재가요양보호사 모집 방문 복지서비스 제공업 요양보호사급필수 사회형,17
354,재가 요양보호사 모집 노인 요양 복지시설 운영업 요양보호사필수 기타 사회형,12
355,재가요양보호사 모집 개인 간병 및 유사 서비스업 요양보호사필수 사회형,4
356,재가요양보호사 모집반송 사회복지 상담서비스 제공업 요양보호사급필수 사회형,12
357,구서롯데캐슬골드단지 경비원 채용 경비 및 경호 서비스업 기타 일반경비원신임교육 이수 필수 현실형,13
358,폐기물 분류 작업 건설 폐기물 수집 운반업 관계없음 현실형,13
359,더샾 아델리스 오피스텔 여성 사우나실 미화원 구인 경비 및 경호 서비스업 관계없음 현실형,12
360,재가요양보호사 모집합니다 방문 복지서비스 제공업 요양보호사급필수 사회형,5
361,재가요양보호사 모집 합니다 방문 복지서비스 제공업 요양보호사필수 사회형,13
362,긴급돌봄 방문요양보호사 모집 사회복지 상담서비스 제공업 요양보호사필수 기타 요양보호사 급자격증 사회형,15
363,재가요양보호사 채용 사회복지 상담서비스 제공업 요양보호사급필수 사회형,11
364,장애인 활동지원사 모집 년 근육장애 남성 방문 복지서비스 제공업 관계없음 현실형,9
365,오후 주일 변경됨 재가요양보호사 모집 방문 복지서비스 제공업 관계없음 사회형,9
366,우리동네 센터 영카페 참여자 모집 공고부산해운대시니어클럽 사회복지 서비스업 관계없음 현실형,12
367,재가요양보호사 구인 노인 요양 복지시설 운영업 요양보호사필수 사회형,5
368,재가요양보호사님 모십니다 방문 복지서비스 제공업 요양보호사필수 사회형,14
369,주간보호센터 사회복지사 모집 기장 노인 요양 복지시설 운영업 자동차운전면허종보통필수 사회형,2
370,주간보호센터 요양보호사 모집 기장 노인 요양 복지시설 운영업 자동차운전면허종보통필수 사회형,2
371,주방찬모 모집정관 도시락 및 식사용 조리식품 제조업 관계없음 현실형,2
372,재가요양보호사 모집 개인 간병 및 유사 서비스업 요양보호사필수 사회형,5
373,재가요양보호사 모십니다 사회복지 상담서비스 제공업 요양보호사필수 사회형,6
374,재가요양보호사 모집 사회복지 상담서비스 제공업 요양보호사필수 사회형,15
375,재가요양보호사 모집 방문 복지서비스 제공업 요양보호사필수 사회형,12
376,아파트 청소원 모집 경비 및 경호 서비스업 관계없음 현실형,5
377,초량인창요양병원 중환자실 공동간병사 모집 개인 간병 및 유사 서비스업 요양보호사우대 기타 간병사 자격증 가능 사회형,14
378,재가요양보호사 모집 방문 복지서비스 제공업 요양보호사필수 사회형,13
379,재가요양보호사 모집 노인 요양 복지시설 운영업 요양보호사필수 사회형,5
380,남구 문현동 요양보호사님을 모집합니다 노인 요양 복지시설 운영업 요양보호사필수 사회형,8
381,요양보호사 모집 노인 요양 복지시설 운영업 요양보호사필수 사회형,12
382,재가요양보호사 모집 노인 요양 복지시설 운영업 요양보호사급필수 사회형,13
383,학교 급식보조원 채용 교육 행정 관계없음 현실형,9
384,등급 여자 재가요양보호사 방문 복지서비스 제공업 요양보호사필수 사회형,10
385,고기집 홀서빙원 채용 한식 음식점업 관계없음 현실형,15
386,등급 남자어르신 오전 요양보호사 채용 방문 복지서비스 제공업 요양보호사필수 사회형,14
387,재가요양보호사님 모십니다 방문 복지서비스 제공업 요양보호사필수 사회형,10
388,장안공단내 구내식당 석식조리사 한식 일반 음식점업 관계없음 현실형,2
389,봉생병원 청소원 채용 건축물 일반 청소업 관계없음 현실형,14
390,재송동 등급 세 여자어르신 요양보호사 구인 노인 요양 복지시설 운영업 요양보호사급필수 사회형,12
391,부산더파티 행사보조업무 한식 일반 음식점업 관계없음 현실형,9
392,동주파크 아파트 관리소장 모십니다 부동산업 관계없음 탐구형,6
393,재가요양보호사 구인 노인 요양 복지시설 운영업 요양보호사필수 사회형,11
394,영업관리자 신발 부분품 제조업 자동차운전면허종보통필수 탐구형,4
395,등급 할머니 재가요양보호사님을 모집합니다 그 외 기타 보건업 요양보호사필수 사회형,10
396,등급 어르신 돌봄 방문 복지서비스 제공업 요양보호사필수 사회형,8
397,좌동 요양보호사 모집 노인 요양 복지시설 운영업 요양보호사필수 사회형,12
398,오전등급 할머니재가요양보호사 채용 방문 복지서비스 제공업 요양보호사필수 사회형,14
399,장애인활동지원사 모집 방문 복지서비스 제공업 관계없음 현실형,2
400,중구청 구내식당 조리 보조하실 분 모집합니다 출장 음식 서비스업 관계없음 현실형,6
401,재가요양보호사 구인 노인 요양 복지시설 운영업 요양보호사필수 사회형,10
402,채용대행연산동 대진그린타워 아파트 미화원 모집 경비 및 경호 서비스업 관계없음 현실형,11
403,채용대행영도 부산 일신마리나아파트 미화원 경비 및 경호 서비스업 관계없음 현실형,17
404,기와집숯불갈비 주방직원 모집 공고 음식점업 관계없음 현실형,15
405,시설 요양보호사 모집 노인 요양 복지시설 운영업 요양보호사필수 사회형,4
406,재가요양보호사 채용 방문 복지서비스 제공업 요양보호사급필수 사회형,12
407,남구 용당동 요양보호사님을 모집합니다 그 외 기타 비거주 복지 서비스업 요양보호사필수 사회형,8
408,요양보호사님을 모집합니다 방문 복지서비스 제공업 요양보호사필수 사회형,10
409,영산대학교 해운대캠퍼스 미화원 모집파트타임 건축물 일반 청소업 관계없음 현실형,12
410,재가요양보호사 모집 방문 복지서비스 제공업 요양보호사필수 사회형,11
411,재가요양보호사 구인 방문 복지서비스 제공업 요양보호사필수 사회형,6
412,재가요양보호사 구인 그 외 기타 비거주 복지 서비스업 요양보호사필수 사회형,10
413,재가요양보호사 모집 보건업 요양보호사필수 사회형,17
414,요양보호사 채용 기타 사회서비스 관리 행정 요양보호사필수 사회형,14
415,아파트 미화원 구인 사업시설 유지관리 서비스업 관계없음 탐구형,11
416,재가 요양보호사 모십니다 그 외 기타 비거주 복지 서비스업 요양보호사필수 사회형,5
417,요양보호사급구 노인 요양 복지시설 운영업 요양보호사급필수 사회형,17
418,건설 폐기물차량톤톤 수집 운반 기사채용 건설 폐기물 수집 운반업 관계없음 현실형,13
419,재가요양보호사 모집 그 외 기타 비거주 복지 서비스업 요양보호사급필수 사회형,16
420,재가요양보호사 모집 노인 요양 복지시설 운영업 요양보호사급필수 사회형,17
421,남포동 그리핀베이 호텔 로비정리 및 청소보조 주거용 건물 임대업 관계없음 현실형,6
422,재가요양보호사 채용 사회복지 서비스업 요양보호사필수 사회형,7
423,재가 요양보호사 모집 사회복지 서비스업 요양보호사필수 사회형,14
424,주간보호센터 요양보호사 모집 사회복지 상담서비스 제공업 요양보호사필수 사회형,12
425,단시간 주방보조설거지 직원 모집 김밥 및 기타 간이 음식점업 관계없음 현실형,14
426,주간보호센터 시설요양보호사 선생님 모집 사회복지 상담서비스 제공업 요양보호사필수 자동차운전면허종보통필수 사회형,3
427,재가요양보호사 채용 개인 간병 및 유사 서비스업 관계없음 사회형,5
428,우동 등급 세 여자어르신 요양보호사 구인 노인 요양 복지시설 운영업 요양보호사급필수 사회형,12
429,재가요양보호사 모집 그 외 기타 보건업 요양보호사급필수 사회형,9
430,남구 대연동 주택 재가요양보호사 채용 방문 복지서비스 제공업 요양보호사급필수 사회형,8
431,신세대지큐빌아파트 미화원 모집 임시 및 일용 인력 공급업 관계없음 현실형,10
432,건물 전기 과장 모집 기타 개인 서비스업 전기산업기사필수 전기기사필수 현실형,10
433,요양원 요양보호사님 모십니다 기타 부동산 임대업 요양보호사필수 사회형,6
434,재가요양보호사 명 모집 그 외 기타 비거주 복지 서비스업 요양보호사급필수 사회형,3
435,배송 운전기사 채용 기타 신선식품 및 단순 가공식품 소매업 자동차운전면허종보통필수 현실형,16
436,한우식당 주차관리 및 단순노무원 모집 음식점업 관계없음 탐구형,16
437,공용청소부 신입경력 채용 호텔업 관계없음 현실형,10
438,영도요양원 조리원 모집자격증 없어도 가능 노인 요양 복지시설 운영업 관계없음 사회형,17
439,재가요양보호사 노인 요양 복지시설 운영업 요양보호사급필수 사회형,10
440,재가요양보호사 모집 정관 방문 복지서비스 제공업 요양보호사급필수 자동차운전면허필수 사회형,2
441,부산성모병원 경비 안내조 경비원 채용 경비 및 경호 서비스업 관계없음 현실형,8
442,재가요양보호사 모집 방문 복지서비스 제공업 요양보호사필수 사회형,9
443,재가요양보호사 모집 방문 복지서비스 제공업 요양보호사필수 사회형,13
444,영주동 등급 여자어르신 주일 오후시간 요양보호사 채용 방문 복지서비스 제공업 요양보호사필수 사회형,6
445,재가요양보호사 모집 사회복지 상담서비스 제공업 요양보호사필수 사회형,12
446,요양보호사 모집 그 외 기타 비거주 복지 서비스업 요양보호사필수 사회형,12
447,서면 해물탕집 청소 모집 한식 음식점업 관계없음 현실형,9
448,본사 미화팀 청소장비 경력자 구인 건축물 일반 청소업 관계없음 현실형,12
449,재가 요양보호사 모집 노인 요양 복지시설 운영업 요양보호사급필수 사회형,14
450,재가 요양보호사 모집 노인 요양 복지시설 운영업 요양보호사필수 사회형,5
451,화 서구 일자리박람회간접참여업체 부산공동어시장 조합공동사업법인 위판장청소원 모집 신선 냉동 및 기타 수산물 도매업 관계없음 현실형,16
452,화 서구 일자리 박람회간접 참여 업체부산족발 홀서빙원 모집 한식 음식점업 관계없음 현실형,6
453,아파트 미화원 구인 부동산업 관계없음 현실형,4
454,장애인활동보조인 모집 그 외 기타 비거주 복지 서비스업 관계없음 현실형,4
455,재가요양보호사 모집 노인 요양 복지시설 운영업 요양보호사급필수 사회형,5
456,재가요양보호사 모집 정관 그 외 기타 비거주 복지 서비스업 요양보호사필수 사회형,2
457,병원급식조리사 및 조리원 모집 공중 보건 의료업 관계없음 사회형,13
458,스퀘어 상가 미화원 채용 경비 및 경호 서비스업 관계없음 현실형,8
459,재가요양보호사 모집 사회복지 상담서비스 제공업 요양보호사필수 사회형,9
460,재가요양보호사 모집 사회복지 상담서비스 제공업 요양보호사필수 사회형,4
461,요양보호사님 구합니다동삼동 방문 복지서비스 제공업 요양보호사필수 사회형,17
462,괘법동 장애인활동보조인 모집 그 외 기타 비거주 복지 서비스업 관계없음 현실형,4
463,현대요양병원 조리사 및 조리원 구인 요양 병원 한식조리기능사우대 사회형,2
464,재가요양보호사 모집 방문 복지서비스 제공업 요양보호사급필수 사회형,15
465,대형 범용선반 조작원 모집 기타 기계 및 장비 제조업 관계없음 현실형,4
466,당감동 재가요양보호사 노인 요양 복지시설 운영업 요양보호사필수 사회형,9
467,남구 용호동 요양보호사님을 모집합니다 노인 양로 복지시설 운영업 요양보호사급필수 사회형,8
468,요양보호사 구인 방문 복지서비스 제공업 요양보호사필수 사회형,12
469,아파트 청소원 모집 경비 및 경호 서비스업 관계없음 현실형,12
470,재가요양보호사 모집 방문 복지서비스 제공업 요양보호사급필수 사회형,11
471,재가요양보호사 모집 방문 복지서비스 제공업 요양보호사필수 사회형,13
472,요양보호사 모집 사회복지 상담서비스 제공업 요양보호사급필수 사회형,5
473,재가요양보호사 모집명 모집 방문 복지서비스 제공업 요양보호사필수 사회형,5
474,등급 여자 어르신 재가요양보호사 모집 방문 복지서비스 제공업 요양보호사급필수 사회형,11
475,재가요양보호사 모집 방문 복지서비스 제공업 요양보호사급필수 사회형,5
476,목욕전담 요양보호사 모집 방문 복지서비스 제공업 요양보호사필수 사회형,4
477,채소 포장직원 채용합니다 기타 산업용 농산물 도매업 관계없음 현실형,7
478,등급 여자어르신 돌봄 사회복지 상담서비스 제공업 요양보호사급필수 현실형,16
479,요양보호사님 구합니다강동동 방문 복지서비스 제공업 요양보호사필수 사회형,7
480,재가요양보호사 모집 정관 노인 요양 복지시설 운영업 요양보호사필수 기타 치매이수교육 필수 사회형,2
481,등급남자어르신오전요양보호사 채용 그 외 기타 보건업 요양보호사필수 사회형,16
482,재가요양보호사 모집 그 외 기타 비거주 복지 서비스업 요양보호사필수 사회형,8
483,재가요양보호사 모집 방문 복지서비스 제공업 요양보호사필수 사회형,8
484,백양산 롯데캐슬 미화원 사업시설 유지관리 서비스업 관계없음 탐구형,9
485,부산 동매역 공사 현장 경비 격일제 경비 및 경호 서비스업 관계없음 현실형,10
486,병원 급식 주방보조원 모집 그 외 기타 보건업 관계없음 현실형,16
487,재가요양보호사 채용 그 외 기타 보건업 요양보호사필수 사회형,9
488,우신골든메르시아 상가 미화원 모집 경비 및 경호 서비스업 관계없음 현실형,12
489,소망한끼 영양사 모집 시간제 음식점업 영양사필수 현실형,2
490,부산센텀시티점 미화원 채용공고 상용 인력 공급 및 인사관리 서비스업 관계없음 탐구형,12
491,재가 요양보호사 모집 그 외 기타 보건업 요양보호사필수 사회형,11
492,병원 급식 조리사 모집 그 외 기타 보건업 관계없음 현실형,16
493,재가요양보호사 모집 방문 복지서비스 제공업 요양보호사필수 사회형,9
494,베이커리 공장 직원 모집 포장 및 주방보조 만세 이상 우대 빵류 제조업 제빵기능사우대 제과기능사우대 현실형,7
495,포장및 배송직원 모집 기타 산업용 농산물 도매업 자동차운전면허필수 현실형,4
496,요양보호사 모집 방문 복지서비스 제공업 요양보호사필수 사회형,12
497,원양로 동일조선주_특수경비원 모집 경비 및 경호 서비스업 기타 특수경비원 교육이수 현실형,10
498,재가요양보호사 모집 그 외 기타 비거주 복지 서비스업 요양보호사필수 사회형,15
499,재가요양보호사 모집합니다 사회복지 상담서비스 제공업 요양보호사필수 사회형,5
500,용역관리 경력자 모집 경비 및 경호 서비스업 관계없음 탐구형,6
501,재가요양보호사 모집 방문 복지서비스 제공업 요양보호사우대 사회형,8
502,재가요양보호사님 모십니다 방문 복지서비스 제공업 요양보호사필수 사회형,4
503,재가요양보호사님 모십니다 방문 복지서비스 제공업 요양보호사필수 사회형,6
504,재가요양보호사님 모십니다 방문 복지서비스 제공업 요양보호사필수 사회형,16
505,남구 대연동 요양보호사님을 모집합니다 방문 복지서비스 제공업 요양보호사필수 사회형,8
506,남구 용호동 요양보호사님을 모집합니다 노인 양로 복지시설 운영업 요양보호사급필수 사회형,8
507,재가요양보호사 모집 노인 요양 복지시설 운영업 요양보호사급필수 사회형,12
508,사랑방재가노인복지센터 재가요양보호사 모집기장 고촌 노인 요양 복지시설 운영업 요양보호사필수 사회형,2
509,재가요양보호사 모집 방문 복지서비스 제공업 요양보호사필수 사회형,2
510,재가 요양보호사 모집 그 외 기타 거주 복지시설 운영업 요양보호사필수 사회형,12
511,재가요양보호사 구인 노인 요양 복지시설 운영업 요양보호사필수 사회형,7
512,사상구 모라동 요양보호사님을 모집합니다 노인 요양 복지시설 운영업 요양보호사급필수 사회형,4
513,요양보호사 모집합니다 노인 요양 복지시설 운영업 요양보호사필수 사회형,9
514,재가 요양보호사 모집 방문 복지서비스 제공업 요양보호사필수 사회형,17
515,컨테이너 수리 하실 분 구합니다 그 외 기타 달리 분류되지 않은 제품 제조업 관계없음 현실형,7
516,재가요양보호사 모집 방문 복지서비스 제공업 요양보호사필수 사회형,4
517,재가요양보호사 모집 방문 복지서비스 제공업 요양보호사필수 사회형,4
518,재가요양보호사 모십니다 개인 간병 및 유사 서비스업 요양보호사필수 사회형,17
519,등급 독거 할머니 주일 재가 요양보호사 모집 그 외 기타 보건업 요양보호사급필수 사회형,9
520,영도요양원 요양보호사 모집 요양보호사 자격증 필수 노인 요양 복지시설 운영업 요양보호사필수 사회형,17
521,대원아파트 설비기사 모집 주거용 부동산 관리업 관계없음 탐구형,17
522,치매교육이수자방문요양보호사 모집 방문 복지서비스 제공업 요양보호사급필수 기타 치매교육이수자 사회형,13
523,사업장 생활폐기물 수집 운반 상차원 모집 지정 폐기물 수집 운반업 자동차운전면허종대형필수 현실형,12
524,재가요양보호사 모집 방문 복지서비스 제공업 요양보호사필수 사회형,3
525,수영구 광안동 요양보호사님을 모집합니다 기타 비거주 복지 서비스업 요양보호사필수 사회형,5
526,사업장 생활폐기물 수거 기사모집경력자우대 지정 폐기물 수집 운반업 자동차운전면허종대형필수 현실형,12
527,해운대 좌동 스위첸 아파트 미화원미화반장 구합니다 경비 및 경호 서비스업 관계없음 현실형,12
528,정관 가화만사성 더 테라스 차 미화원 모집 경비 및 경호 서비스업 관계없음 현실형,2
529,단순 상품식품 포장 및 제조 생산직 모집 도시락 및 식사용 조리식품 제조업 관계없음 현실형,2
530,아파트 경비원 모집 사업시설 유지관리 서비스업 기타 일반경비원 교육이수 필수 탐구형,10
531,요양보호사모집 그 외 기타 보건업 요양보호사급필수 사회형,5
532,등급 재가요양보호사님을 모집합니다 노인 요양 복지시설 운영업 요양보호사필수 사회형,5
533,특수경비원 모집 경비 및 경호 서비스업 관계없음 현실형,10
534,재가요양보호사 모집기장 노인 요양 복지시설 운영업 요양보호사필수 기타 치매교육이수증 사회형,2
535,연제일신병원 조리사 모집합니다 건축물 일반 청소업 관계없음 현실형,11
536,재가요양보호사 모집 방문 복지서비스 제공업 요양보호사필수 사회형,7
537,국공립어린이집 조리사 모집 보육시설 운영업 한식조리기능사필수 현실형,14
538,치매이수 요양보호사 구인 방문 복지서비스 제공업 요양보호사필수 사회형,17
539,요양병원 조리원 모집 그 외 기타 보건업 관계없음 사회형,3
540,재가요양보호사 채용 개인 간병 및 유사 서비스업 요양보호사필수 사회형,6
541,재가요양보호사 구인 방문 복지서비스 제공업 요양보호사필수 사회형,11
542,재가요양보호사 채용 방문 복지서비스 제공업 요양보호사급필수 사회형,11
543,해운대자이아파트 재가요양보호사 모집 사회복지 상담서비스 제공업 요양보호사필수 사회형,12
544,재가 요양보호사 그 외 기타 비거주 복지 서비스업 요양보호사필수 사회형,17
545,주간보호센터 시설요양보호사 채용 그 외 기타 비거주 복지 서비스업 요양보호사급필수 자동차운전면허종보통필수 사회형,13
546,재가요양보호사 모집 보건 및 복지 행정 요양보호사필수 사회형,5
547,재가요양보호사 모집 방문 복지서비스 제공업 요양보호사필수 사회형,4
548,재가요양보호사 모집 방문 복지서비스 제공업 요양보호사필수 사회형,5
549,낙동북로 등급 여자어르신 사회복지 상담서비스 제공업 요양보호사급필수 현실형,7
550,년 중구 일자리박람회현장면접참여업체 그대라면 주방보조원 모집합니다 일식 음식점업 관계없음 현실형,6
551,착한낙지 화명점 주방 정직원 모집 음식점업 관계없음 현실형,15
552,년도 상반기 교육강사 공개모집 공고 현실형,1
553,년 국가결핵관리사업 기간제 근로자 채용 공고 탐구형,15
554,금정구 세무과 개별주택 기간제근로자 채용 공고 현실형,13
555,년 도모헌 주차장 주차관리 기간제노동자 채용 공고 탐구형,1
556,부산광역시 동래구청사 주차타워 관리인기간제근로자 채용 공고 탐구형,3
557,년 부산진구 도서관 분야 기간제근로자 채용공고 현실형,9
558,년 제회 부산진구 공무직근로자 채용시험 공고 현실형,9
559,부산광역시 영도구 환경미화원 공개채용 계획공고 현실형,17
560,기장군도시관리공단 기장군노인복지관본관 노년사회화교육 프로그램 시간강사 채용 현실형,2
561,년 부산 북구 아동복지교사기간제근로자 채용 공고 현실형,15
562,년 철마면 환경정비 공공일자리 기간제근로자 채용 현실형,1
563,년 기장군보건소 아가맘센터 기간제근로자 채용 현실형,2
564,년 동래여성새로일하기센터 직업교육훈련 운영지원 전담인력 채용공고채용시까지 현실형,1
565,기장군의회 속기 기간제근로자 채용 재공고 현실형,2
566,부산예술회관 직원 채용공고경비업무 관습형,1
567,영도 마리노 오토캠핑장 기간제근로자 채용 공고 현실형,17
568,년 가을철 년 봄철 산불방지대책기간 산불방지 기간제근로자 선발 공고 현실형,9
569,년 개별주택가격산정을 위한 주택특성 조사 기간제근로자 채용 공고 현실형,9
570,부산과학기술고등교육진흥원 부설기관 부산라이즈센터장 모집 공고 현실형,1
571,년 하반기 산불감시인력산불감시원 및 산불전문예방진화대 채용 공고 현실형,4
572,년 불법 유동광고물 정비차 기간제근로자 결원채용 공고 현실형,3
573,년 하반기 년 상반기 산림병해충 예찰방제단 기간제근로자 채용 공고 현실형,4
574,년 가을철년 봄철 산불기간제근로자 채용 공고 현실형,15
575,청사 시설관리공무직 채용 재공고 탐구형,4
576,재부산여성가족과 평생교육진흥원 미화원 채용공고 현실형,15
577,부산진여성새로일하기센터 취업상담사 모집 현실형,1
578,년도 재영화의전당 제차 기간제 직원 채용 현실형,1
579,부산광역시 일생활균형지원센터 직원 채용 공고 현실형,3
580,년 모자보건사업 기간제근로자보조인력 채용 공고 관습형,8
581,년 하반기 산림병해충예찰방제단 채용 공고 현실형,8
582,분포문화체육센터 시간강사발레 채용 공고 현실형,8
583,년 부산관광공사 일반계약직시티투어 운전원 채용 공고 현실형,1
584,년 가구주택기초조사 조사요원 채용공고 현실형,12
585,부산광역시 지역통계작성 기간제노동자 채용 공고 현실형,1
586,년 일광읍 농지이용실태조사 보조원 채용공고 현실형,1
587,부산광역시 기장군 시간선택제임기제공무원 채용 공고보건지소장 평생교육사 현실형,2
588,가구주택기초조사 조사요원 모집공고 현실형,17
589,년 기장읍 농지이용실태조사원 채용 공고 현실형,1
590,남구보건소 한방실 기간제근로자 채용 공고 현실형,8
591,남구 통합관제센터관제요원기간제 근로자 채용 현실형,8
592,가구주택기초조사 조사요원 모집공고 현실형,9
593,년 기반 어르신 건강관리사업 기간제근로자 채용 공고 탐구형,3
594,년 가을철 년 봄철 산림관리 기간제근로자산불감시단 채용공고 탐구형,3
595,년 하반기 산불방지 기간제근로자 채용 공고 현실형,8
596,년 가구주택기초조사 조사요원 모집 공고 현실형,8
597,영도구 보건행정과 기간제근로자 채용 공고 현실형,17
598,년 철마면 농지이용실태조사 조사보조원 채용 공고 현실형,1
599,기장군의회 속기 기간제근로자 채용 공고 관습형,2
600,부산광역시 서부노인보호전문기관 직원상담원주임 채용 공고 현실형,1
601,복천박물관 기간제노동자공무직 대체인력 채용 공고 현실형,1
602,국립부산과학관 직원 채용 공고 현실형,1
603,년 국가결핵관리사업 기간제근로자 채용 공고 탐구형,17
604,년 부산광역시 열린행사장 어린이도서관 기간제노동자 채용 공고 현실형,1
605,년 기장군 기록물 정리 기간제근로자 채용 현실형,2
606,년 정관읍 도로변 풀베기 기간제근로자 추가 채용 현실형,1
607,부산시설공단 휴직 대체 기간제근로자 공개채용 공고 현실형,1
608,년 지역사회중심 금연지원서비스사업 기간제 근로자금연상담사 채용 현실형,2
609,사상구청 청사 시설관리공무직 채용 탐구형,4
610,북구 통합관제센터 관제요원 채용 공고 현실형,15
611,년 단계 불법 유동광고물 정비 를 위한 기간제 근로자 채용 공고 현실형,4
612,년 단계 공공근로 참여자 모집 공고 현실형,4
613,구내식당 조리종사원 기간제근로자 채용공고 현실형,17
614,년 부산광역시 열린행사장 미화관리 기간제노동자 채용 공고 탐구형,1
615,년 월 영도 마리노 오토캠핑장 기간제근로자 채용 공고 현실형,1
616,부산기계공업고등학교 교육공무직조리원 채용 재공고 현실형,12
617,년 하반기 정관읍 노면청소차 보조탑승 기간제근로자 추가 채용 현실형,1
618,년 우암도서관 개관시간 연장지원사업 기간제근로자 채용 공고 현실형,8
619,년 계량기저울류 정기검사 전수조사원 기간제근로자 채용 공고 현실형,11
620,부산광역시 보건환경연구원 기간제노동자공무직 대체인력 채용 공고 현실형,1
621,년도 제단계 공공근로사업 참여자 모집 공고 현실형,3
622,부산광역시 북구의회 기간제근로자속기사 채용 공고 현실형,15
623,년 하반기 지역공동체일자리 참여자 추가모집공고 현실형,12
624,년 해수욕장 폐장 후 안전관리 기간제근로자 채용 공고 탐구형,12
625,년도 가축전염병 선제대응 기간제근로자 채용 현실형,2
626,부산광역시농업기술센터 기간제노동자 채용 공고 지역특화농업기술정보화인력지원 현실형,7
627,부산광역시 동래구 시간선택제임기제공무원불법 광고물 단속 정비 채용 계획 재공고 현실형,3
628,부산광역시의료원 행정처장 공개 모집 현실형,11
629,년 기장군 토지정보과 기간제근로자 채용 현실형,2
630,기장군의회 기간제근로자민원응대 및 사무보조 채용 관습형,2
631,영도구 시간선택제임기제공무원 채용계획 공고 현실형,17
632,년 연제구 마을건강센터 기간제근로자마을간호사 채용 공고 사회형,11
633,년 정관노인복지관 프로그램 강사 신규채용 현실형,2
634,해운대구 통합사례관리사 공개채용공고 탐구형,12
635,년 하반기 병리검사실 기간제 근로자임상병리사 채용 공고 현실형,11
636,년 제차 영도해녀문화전시관 기간제근로자 채용 공고 현실형,17
637,년 하반기 연안친수시설관리 기간제근로자 채용 공고 탐구형,17
638,년 국가결핵관리사업 기간제 근로자 채용 공고 탐구형,15
639,년 부설주차장 현장점검 기간제 근로자 채용 공고 현실형,3
640,남구 통합관제센터관제요원기간제 근로자 채용 현실형,8
641,정관보건지소 민원실 기간제 근로자 채용 현실형,2
642,년 제단계 공공근로사업참여자 모집 공고 현실형,9
643,년 하반기 기간제근로자속기 채용공고 현실형,9
644,일반임기제무대조명 분야 공업일반전기급 채용 공고 현실형,3
645,재부산연구원 비상임연구원 채용 공고 현실형,1
646,년 하반기 연제문화체육공원 및 연산동 고분군 관리 기간제근로자 채용 공고 탐구형,11
647,부산진여성새로일하기센터 취업상담사 모집 현실형,1
648,년도 기장군도시관리공단 노인맞춤돌봄서비스분관 생활지원사 추가채용 탐구형,2
649,년 월 영도 마리노 오토캠핑장 기간제근로자 채용 공고 현실형,17
650,년 하반기 연제문화체육공원 및 연산동 고분군 관리 기간제근로자 채용 공고 탐구형,11
651,의료급여 업무보조 기간제근로자 채용 공고 현실형,15
652,의료급여관리사 기간제근로자 채용 공고연장 탐구형,11
653,영도구보건소 예방접종실 기간제근로자 채용 공고 현실형,17
654,년 부동거래신고 업무보조 기간제근로자 채용 공고 현실형,8
655,년 하반기 동래스파시티노천족욕탕 기간제근로자 채용 현실형,3
656,년 부산광역시 열린행사장 컨텐츠 운영 관리 기간제노동자 채용 공고 탐구형,1
657,목조문화재 감시순찰 기간제근로자 채용 현실형,2
658,년 교통유발부담금 기간제근로자전산입력보조 재채용 공고 현실형,4
659,부산여성가족과 평생교육진흥원 원장 채용 공고 현실형,15
660,년 하반기 인재개발원 기간제노동자식당보조 채용 공고 현실형,1
661,년 신종감염병 대응 기간제근로자 채용 공고 현실형,11
662,년 지역사회중심 금연지원서비스사업 금연지도원 모집공고 현실형,3
663,년 부산사회조사 조사요원 모집 공고 현실형,8
664,년 부산사회조사 조사요원 모집공고 현실형,9
665,동래구 혁신어울림센터 들락날락 작은도서관 기간제근로자 채용 공고 현실형,3
666,부산광역시 중동부사업소 기간제 노동자공무직 대체인력 채용 공고 현실형,6
667,낙동강관리본부 기간제노동자공무직 대체인력 채용 재공고 탐구형,1
668,년 하반기 온천천 기간제근로자시설물관리 채용 재공고 탐구형,11
669,년도 해맞이작은도서관 기간제근로자 채용 현실형,11
670,년우리동 방역지킴이기간제근로자 채용 재공고 현실형,8
671,재단법인 부산창조경제혁신센터 직원 채용 공고 관습형,1
672,년 부산광역시 청사 기계설비 유지관리 기간제노동자 채용 재공고 현실형,1
673,영도 마리노 오토캠핑장 기간제근로자 채용추가공고 현실형,17
674,년 기준 부산환경산업조사 조사요원 모집 공고 현실형,3
675,년 연제구 아동복지교사 추가 채용 공고 사회형,11
676,년 하반기 기장군 도서관 기간제근로자 채용 공고 현실형,2
677,년 기장종합사회복지관 제회 시간강사 채용 현실형,2
678,년 노인맞춤돌봄서비스사업 생활지원사 추가채용 현실형,2
679,년 하반기 공중 간이화장실 청소 및 시설물관리 업무 기간제근로자 채용 탐구형,11
680,년도 목조문화재 안전경비원장안사 인력 채용 공고 현실형,2
681,년 박태준기념관 기간제근로자 채용 현실형,2
682,기장군 환경통합관제센터기간제근로자 채용 관습형,2
683,년 하반기 공원분야 기간제근로자 채용공고 현실형,8
684,년 사상구 노후준비지원센터 전담인력기간제근로자 채용공고 현실형,4
685,자동차 관련 과태료주정차위반과태료 등 기간제근로자 채용 공고 현실형,15
686,영도구 시간선택제임기제공무원 채용계획 공고 현실형,17
687,년 부산광역시 청사미화 기간제근로자 채용공고 현실형,1
688,년도 영화의전당 제차 기간제 직원 채용 현실형,1
689,보건환경연구원 기간제노동자실험실 검사보조요원 채용 공고 현실형,1
690,부산광역시 기장군자원봉사센터 센터장 채용 사회형,2
691,해양수산인재개발원 공무직 근로자조리원 채용 현실형,2
692,보건환경연구원 기간제노동자공무직 대체인력 채용 공고 현실형,1
693,부산 조위관측소 관측원단시간 근로자 채용 공고 현실형,6
694,년 기준 광업제조업조사 조사요원 모집 현실형,2
695,년 에너지홈닥터 사업 추진을 위한 에너지 홈닥터 컨설턴트 모집 공고 현실형,9
696,년 부산광역시 동래구 청사미화원기간제근로자 채용 공고 현실형,3
697,년도 하반기 신중년 경력형 일자리 사업용호별빛공원 안전지킴이 및 전시해설가채용 공고 현실형,8
698,년 하반기 사상구 구인구직개척단 채용 공고 현실형,4
699,년 사상구보건소 민원실운영사업 기간제근로자 채용공고 현실형,4
700,동래구 보건소 민원실 기간제근로자 채용 공고 현실형,3
701,년도 제단계 공공근로사업 및 하반기 지역공동체일자리사업 참여자 모집 공고 현실형,3
702,부산진구 남성합창단 및 피오레여성합창단 가창지도자 모집 공고 현실형,9
703,년 기장군 교통행정과 기간제근로자교통유발부담금 현장조사요원 채용 현실형,2
704,부산진여성인력개발센터 직업능력개발팀 직원모집 현실형,1
705,년 북구보건소 가족보건팀 기간제근로자 채용 공고 현실형,15
706,년도 하반기 주거지전용 주차장 관리 요원기간제 근로자 채용 공고 탐구형,4
707,년 하반기 일광읍 주민자치 프로그램 강사채용 현실형,1
708,부산현대미술관 기간제근로자공무직 대체인력 채용 공고 관습형,1
709,해운대송정해수욕장 개장기간 편의시설관리 기간제근로자 모집 탐구형,12
710,년 제단계 공공근로사업 및 하반기 지역공동체일자리사업 신청자 모집 공고 현실형,8
711,년 방역사업 기간제근로자 추가 채용 공고 현실형,9
712,년 제회 부산진해경제자유구역청 일반임기제공무원행정급 임용시험 공고 현실형,1
713,년 결핵관리사업 기간제근로자간호사 채용 사회형,11
714,성수기 해수욕장 시설팀 기간제근로자 채용공고 현실형,12
715,부산광역시 보건환경연구원 기간제노동자공무직 대체인력 채용 재공고 현실형,1
716,부산광역시 동구 임기제 공무원 채용계획 공고동영상 촬영 및 치매안심센터 현실형,14
717,년 기준 해양산업조사 조사요원 모집 현실형,11
718,년 기준 부산해양산업조사 조사요원 모집 공고 현실형,17
719,재공고년 제회 부산진해경제자유구역청 일반임기제공무원행정급 임용시험 공고 현실형,1
720,년 산사태현장예방단 채용 공고 현실형,17
721,예방접종사업 기간제근로자간호사 채용 재공고 사회형,9
722,영도구 보건행정과 기간제근로자 채용 재공고 현실형,17
723,영도구 시간선택제임기제공무원 채용계획 공고 현실형,17
724,부산진여성새로일하기센터 취업상담사 모집 현실형,1
725,아시아드컨트리클럽주 공무직경력신입 채용 공고 현실형,2
726,국립부산과학관 직원 채용 공고기간제 근로자 현실형,1
727,부산도시공사 노동이사비상임이사 모집 공고 현실형,9
728,년 녹지대관리 기간제근로자 추가채용 공고 탐구형,8
729,년도 글로벌도시재단 수탁사업 기간제 근로자 채용 공고 현실형,1
730,년 의료취약지역 통합이동진료소사업 기간제근로자간호사 채용 재공고 사회형,2
731,신중년 경력형 일자리사업해수면 위험구역 안전관리 참여자 모집 공고차 탐구형,8
732,국립부산과학관 직원 채용 공고 현실형,1
733,년 기장종합사회복지관 제회 시간강사 채용 현실형,2
734,년 기장읍 환경정비 분야 기간제근로자 추가 채용 현실형,1
735,북구청소년상담복지센터 청소년동반자기간제근로자 채용 공고 현실형,15
736,바다작은도서관 들락날락 기간제근로자 채용 공고 현실형,8
737,년 계량기 정기검사 전수조사원 채용 공고 현실형,17
738,년 정관읍 노면청소차 보조탑승 기간제근로자 추가 채용 현실형,1
739,년 하반기 방역소독사업 기간제근로자 채용 공고문 현실형,17
740,년 제회 부산광역시 부산진구 재활용사업소 기간제근로자 채용 공고 현실형,9
741,년 불법 유동광고물 정비 기간제근로자 채용 공고 현실형,3
742,재단법인 부산테크노파크 원장 채용 공고 현실형,9
743,년 부산테크노파크 상반기 차 계약직 공개채용 공고 현실형,1
