id,cleaned_merged_column,label,label2
1,소독회사 같이 키워갈 하방맨3기를 모집합니다일 12만이상 수당지급 서비스 기타 청소미화방역,현실형,
2,구내식당 조리사조리원 종일근무 조리업무가능자 모집합니다 주방주방보조설거지 주방장조리사,현실형,
3,국밥집 야간 주방 파트1명 주34일근무 급여및 조건 면접시결정 주례 냉정역4번출구 주방주방보조설거지 서빙포장,현실형,
4,동원홈푸드 단체급식 조리보조원구함 주방주방보조설거지,현실형,
5,하방맨3기모집하나방역 본사에서 영업에 자신 있어신 분을 모집합니다수당지급 서비스 기타 청소미화방역,진취형,
6,소독회사 같이 키워갈 하방맨3기를 모집합니다일 12만이상 수당지급선착순5명 서비스 기타 청소미화방역,현실형,
7,아파트 복합시설 공장 지중관로 케이블포설업무 신입 경력직모집 건설현장 전기조명시설관리,현실형,
8,병원 주차원 모집 운전능숙한자 외제차포함조식중식제공 주차관리주차도우미,진취형,
9,요양병원 간병인구해요 718187시 교대근무 월9회휴무 요양간병돌봄 요양간호의료 기타,현실형,
10,T셔츠 전문업체 본봉사 특종 구함 섬유재단미싱,사회형,
11,병원 단체급식 주방 조리보조 및 배식 담당 조리원 구인 주방주방보조설거지 서빙포장,현실형,
12,신입200만원교육비150만원면접선물경력우대 인바운드CS 아웃바운드TM 금융보험카드,진취형,
13,신입200만원교육비150만원면접선물재택가능 인바운드CS 아웃바운드TM 금융보험카드,진취형,
14,오픈 1기 콜센터신입200만원교육비150만면접선물 인바운드CS 아웃바운드TM 금융보험카드,진취형,
15,간단한 서빙셋팅정리 하실분 모집일15만원이상중장년 주부가능 서빙포장 청소미화방역 상조웨딩연회,현실형,
16,경력 1도 없어도 가능 유통판매 기타 사무기획관리홍보 인바운드CS,진취형,
17,103시파트재택가능 교육비150신입200만경력400만보장면접선물 인바운드CS 아웃바운드TM 금융보험카드,진취형,
18,102시26시 재택가능교육비150만신입200만경력업적무관400만 인바운드CS 아웃바운드TM 금융보험카드,진취형,
19,상담 교육비150 신입200만 경력전직소득보장 인바운드CS 아웃바운드TM 금융보험카드,진취형,
20,인바운드CS 아웃바운드TM 금융보험카드,진취형,
21,4시간 상담직 교육비150만신입200만경력전소득보장 인바운드CS 아웃바운드TM 금융보험카드 일반기술영업,진취형,
22,바리스타220만원인센 베이커리 정직원 및 보조 주방주방보조설거지 요리서빙 기타 유통판매 기타,진취형,
23,롯데백화점 광복점 모시모시에서 홀서빙정직원 구합니다 요리서빙 기타 백화점아울렛쇼핑몰 서빙포장,현실형,
24,급구 부산북구만덕 삼소통나무집에서 주방보조 주중주말 구합니다 요리서빙 기타 서빙포장 주방주방보조설거지,현실형,
25,종합 분식점 오후 판매 홀서빙 1명 직원 모십니다 요리서빙 기타 서빙포장 주방장조리사,진취형,
26,한솥도시락 반여점 토일 오후 아르바이트 구합니다 요리서빙 기타,현실형,
27,영도 동삼동 토일 직원 모집 백채 김치찌개 요리서빙 기타,현실형,
28,금토일 18시21시반 주말 12시15시 서빙 모집 해운대 장산역 요리서빙 기타 서빙포장,현실형,
29,남산정요양병원 조리사 조리원 정규직 구함 월910회휴무연차별도 조리사자격증소지자 주방장조리사 주방주방보조설거지,현실형,
30,더파티 전지점 아르바이트 채용 요리서빙 기타 주차관리주차도우미 청소미화방역,진취형,
31,함께 할 하방맨2기 모집하나방역 본사에서 영업에 자신 있어신 분을 모집합니다당일지급 서비스 기타 청소미화방역,진취형,
32,꼬마김밥집에서 일하실분 구합니다 요리서빙 기타,현실형,
33,야간홀서빙직원구함 요리서빙 기타 서빙포장,현실형,
34,홀서빙 파트타임 구합니다 요리서빙 기타 서빙포장,현실형,
35,서빙 구합니다 요리서빙 기타 서빙포장,현실형,
36,쭈꾸미 전문점 주방 정직원 모집합니다 주방장조리사 주방주방보조설거지 요리서빙 기타,현실형,
37,함경면옥 동래본점 홀 서빙 평일 파트타임 구합니다 요리서빙 기타,현실형,
38,주6일 라멘돈까스 정직원 구인 요리서빙 기타 주방장조리사 주방주방보조설거지,현실형,
39,경력2년3년이상 모텔 카운터 대타 실장 구합니다 서비스 기타 모텔호텔숙박,현실형,
40,가족처럼 따뜻하고 재밌게 일할 직원구합니다홀서빙 일요일 휴무 요리서빙 기타 서빙포장,현실형,
41,단기 송도 암남동 유료주차장 직원 채용합니다 주차관리주차도우미,진취형,
42,부산 전지역 요양병원 간병사 모집합니다 12시간 24시간 48시간 구함 성별 무관 요양간병돌봄,현실형,
43,주례 장원갈비 종일반 정직원 모집합니다 요리서빙 기타 서빙포장,현실형,
44,홍콩반점 영도 주방 10시21시30 급여280 수습1개월 요리서빙 기타 주방장조리사 주방주방보조설거지,현실형,
45,평일오후오전반 직원분 구합니다 편의점,현실형,
46,태종대 조개구이촌 올레에서 이모 모집합니다 요리서빙 기타,현실형,
47,GS25 사하구평점 수 목 금 저녁밤 근무자 모십니다 편의점,현실형,
48,부산대 중국집 주방보조 모집합니다 요리서빙 기타 주방장조리사 주방주방보조설거지,현실형,
49,전단지 아르바이트 경력자모집 서비스 기타,현실형,
50,학원 하원 차량기사님 구합니다스타렉스 12인승 승용차대리운전,현실형,
51,홀 파트타임 3시간 홀서빙 요리서빙 기타,현실형,
52,짚신매운갈비찜 광안점 주말 홀 서빙 구합니다 요리서빙 기타 유통판매 기타 주방주방보조설거지,진취형,
53,홀서빙 직원 서빙포장,현실형,
54,아수라일월화주방 요리서빙 기타,현실형,
55,하방맨2기 선착순 5명 모집소독회사 같이 키워갈 하방맨2기를 모집합니다일 12만이상 당 서비스 기타 청소미화방역,현실형,
56,하단동 식당 홀 서빙 직원 구합니다 일월 요리서빙 기타 서빙포장,현실형,
57,육림구공탄 주말 금토일주방보조1명 알바모집 요리서빙 기타,현실형,
58,부산신항만 물류창고 단순노무 장기일용직모집 택배물류 건설현장 배송이사,현실형,
59,부암동 1번지마트 매장관리 캐셔 모집 대형마트유통점,진취형,
60,호텔 구내식당 조리사세척 직원 모집 주방주방보조설거지 주방장조리사,현실형,
61,펍카페 마린비어 주방 직원 알바 초보가능구함 요리서빙 기타 주방주방보조설거지,현실형,
62,주방실장 주방보조 모집합니다 동일업종경력자우대 요리서빙 기타 주방장조리사 주방주방보조설거지,현실형,
63,범일동 카페 점심12시3시주4회 아르바이트 구합니다 주방주방보조설거지 주방장조리사,현실형,
64,청소 직원 모집 합니다 호텔모텔 모텔호텔숙박 서비스 기타,현실형,
65,치과에서 일하실분 초보가능 간호조무사간호사,사회형,
66,영도 동삼동 목금 홀써빙 모집 백채 김치찌개 요리서빙 기타,현실형,
67,때깔 영도점에서 주방보조 직원모집합니다 요리서빙 기타,현실형,
68,소독회사 같이 키워갈 하방맨2기를 모집합니다일 12만이상영업 자신 있으신 분 환영 서비스 기타 청소미화방역,진취형,
69,당일지급하나방역 본사에서 영업에 자신 있어신 분을 모집합니다 서비스 기타 청소미화방역,진취형,
70,1일20만이상의전도우미 모집 망설이는 초보경력단절퇴직자 환영 요리서빙 기타 상조웨딩연회 서비스 기타,현실형,
71,경력없어도간단한 서빙만 해주시면 됩니다일비15만원가능 서빙포장 상조웨딩연회 서비스 기타,현실형,
72,남녀 경력무관 서빙세팅고객응대 일급15만이상 식사제공 중장년가능 미성년X 문화여가생활 기타 서빙포장 상조웨딩연회,현실형,
73,남녀 경력무관 서빙세팅고객응대 일급15만이상 식사제공 중장년가능 미성년X 문화여가생활 기타 서빙포장 상조웨딩연회,현실형,
74,센터오픈 상담원 콜센터 인바운드CS 아웃바운드TM 금융보험카드,진취형,
75,Tm 리서치설문조사아주쉬움맛집조사전화업무월금 주2일주3일도 가능 서비스 기타 사무기획관리홍보,진취형,
76,Tm스케줄러 모집 기본급인센티브 약속잡아주는 TM 누구나 정말쉬운업무 서비스 기타 아웃바운드TM 상담영업기타,진취형,
77,식자재 배송 기사님 채용합니다 축산청과농수산,현실형,
78,씨케이글로벌주수산물 가공 직원OK4대보험가입연차퇴직금단기알바 가능 생산제조조립인쇄 포장검사,진취형,
79,같이 할 하방맨2기 모집일 12만이상 당일지급 서비스 기타 청소미화방역,현실형,
80,부산진구 범내골 위치 한식뷔페 홀 아르바이트 구합니다 요리서빙 기타,현실형,
81,93시16시 재택가능교육비150만신입200만경력업적무관400만 인바운드CS 아웃바운드TM 금융보험카드,진취형,
82,교육비 200만오토콜 쉬운상담 센터평균 500만 경력보장 인바운드CS 아웃바운드TM 금융보험카드,진취형,
83,교육비 200만오토콜 쉬운상담 센터평균 500만 경력보장 인바운드CS 아웃바운드TM 금융보험카드,진취형,
84,12일 21일 앉아서 강의 듣는 알바하실분 모집합니다 인바운드CS 금융보험카드 사무기획관리홍보,진취형,
85,야간에 광고물 부착하실 기사분 구해요 차량 소유자이신분 연락 주세용 서비스 기타,현실형,
86,바리스타220만원인센티브 베이커리근무급여협의 주방주방보조설거지 요리서빙 기타 유통판매 기타,진취형,
87,청송골갈비 서빙 모집 시급 12000원 금토일 주말 알바 요리서빙 기타 서빙포장,현실형,
88,호텔 구내식당 조리사세척 직원 모집 주방주방보조설거지 주방장조리사,현실형,
89,2024년 추석 명절 단기 스태프 모집 백화점아울렛쇼핑몰 대형마트유통점 유통판매 기타,진취형,
90,주차발렛파킹 일을 성실하게 하실 분을 정규직으로 모집합니다 주차관리주차도우미,진취형,
91,초보가능 신입 200만원 보장 인바운드CS 아웃바운드TM 금융보험카드,진취형,
92,소독회사 같이 키워갈 하방맨3기를 모집합니다일 12만이상 당일지급선착순5명 서비스 기타 청소미화방역,현실형,
93,신입200만원교육비150만원면접선물재택가능 인바운드CS 아웃바운드TM 금융보험카드,진취형,
94,롯데백화점 광복점모시모시에서 주방 초밥부 및 간데기정직원경력자구합니다 백화점아울렛쇼핑몰 주방장조리사 주방주방보조설거지,현실형,
95,주방 겸 홀 직원 구함 멀티근무 알바가능 요리서빙 기타,현실형,
96,103시파트재택가능 교육비150신입200만경력400만보장면접선물 인바운드CS 아웃바운드TM 금융보험카드,진취형,
97,교육비 200만오토콜 쉬운상담 센터평균 500만 경력보장 인바운드CS 아웃바운드TM 금융보험카드,진취형,
98,1기 OPEN 오전오후파트상담원 인바운드CS 아웃바운드TM 금융보험카드,진취형,
99,환자를 케어하며 즐겁게 병원생활을 하실 분을 모십니다 요양간병돌봄,현실형,
100,청룡민물장어주식회사 정직원 모집 요리서빙 기타 서빙포장 주방주방보조설거지,현실형,
101,소독회사 같이 키워갈 하방맨3기를 모집합니다일 12만이상 당일지급 서비스 기타 청소미화방역,현실형,
102,경력 1도 없어도 가능 유통판매 기타 사무기획관리홍보 인바운드CS,진취형,
103,세탁 직원 모집합니다 청소미화방역 생산제조조립인쇄 건설토목 기타,현실형,
104,하나방역 본사에서 영업에 자신 있어신 분을 모집합니다당일지급 서비스 기타 청소미화방역,진취형,
105,호텔 구내식당 조리사세척 직원 모집 주방주방보조설거지 주방장조리사,현실형,
106,단기 송도 메리어트호텔에서 발렛파킹 남여 직원 채용합니다 주차관리주차도우미,진취형,
107,급센텀마트 일요일 카운터 구합니다 유통판매 기타,진취형,
108,통영해물밥상한식당 주방 직원모집 정직원 요리서빙 기타 주방주방보조설거지,현실형,
109,교육비 200만오토콜 쉬운상담 센터평균 500만 경력보장 인바운드CS 아웃바운드TM 금융보험카드,진취형,
110,같이 할 하방맨2기 모집일 12만이상 수당지급 서비스 기타 청소미화방역,현실형,
111,1일20만이상의전도우미 모집 망설이는 초보경력단절퇴직자 환영 요리서빙 기타 상조웨딩연회 서비스 기타,현실형,
112,1일20만이상의전도우미 모집 망설이는 초보경력단절퇴직자 환영 요리서빙 기타 상조웨딩연회 서비스 기타,현실형,
113,롤링파스타 명지점 평일 주방 보조 알바 구해요 요리서빙 기타 서빙포장 주방주방보조설거지,현실형,
114,경력 1도 없어도 가능 유통판매 기타 사무기획관리홍보 인바운드CS,진취형,
115,경력 1도 없어도 가능 유통판매 기타 사무기획관리홍보 인바운드CS,진취형,
116,경력없어도간단한 서빙만 해주시면 됩니다일비15만원가능 서빙포장 상조웨딩연회 서비스 기타,현실형,
117,경력없어도간단한 서빙만 해주시면 됩니다일비15만원가능 서빙포장 상조웨딩연회 서비스 기타,현실형,
118,청소 직원 모집 합니다 호텔모텔 모텔호텔숙박 청소미화방역 서비스 기타,현실형,
119,장안나물밥 홀서빙 주방직원 모집합니다 서빙포장 주방장조리사 주방주방보조설거지,현실형,
120,호텔 구내식당 조리사세척 직원 모집 주방주방보조설거지 주방장조리사,현실형,
121,남녀 경력무관 서빙세팅고객응대 일급15만이상 식사제공 중장년가능 미성년X 문화여가생활 기타 서빙포장 상조웨딩연회,현실형,
122,남녀 경력무관 서빙세팅고객응대 일급15만이상 식사제공 중장년가능 미성년X 문화여가생활 기타 서빙포장 상조웨딩연회,현실형,
123,웨스틴조선부산 호텔 세탁실 직원 모집 주삼익 모텔호텔숙박 서비스 기타,현실형,
124,오픈1기 교육비150만신입200만경력400만 인바운드CS 아웃바운드TM 금융보험카드,진취형,
125,93시16시 재택가능교육비150만신입200만경력업적무관400만 인바운드CS 아웃바운드TM 금융보험카드,진취형,
126,컨테이너 수리 신입사원 모집 합니다 건설현장,현실형,
127,숲사랑어린이집 어린이집 조리사 구인 공고 어린이집 조리사,현실형,
128,아쿠아셀 환경기계설비 연구개발 및 공사 프로젝트 매니저 업무 수행,현실형,
129,웰니스병원 기타보건의료종사원 구인 공고 기타 보건의료 종사원 의료기구 및 병실 베드 관리 환자 이동 및 보조,진취형,
130,수요양병원 조리사 구인 공고 조리사,현실형,
131,효성프라요양병원 간호조무사 구인 공고 간호조무사,현실형,
132,진흥산업 변압기 용접원 구인 공고 변압기 내 외부 용접,현실형,
133,수변최고 해운대점 조리사 구인 공고 조리사 유관경력 우대,현실형,
134,수변최고 미포점 조리사 구인 공고 조리사 유관경력 우대,현실형,
135,수변최고 롯데점 조리사 구인 공고 조리사 유관경력 우대,현실형,
136,금수복국 롯데점 조리사 구인 공고 조리사 유관경력 우대,현실형,
137,수변최고돼지국밥 송정점 조리사 구인 공고 조리사 유관경력 우대,현실형,
138,택시운전원,현실형,
139,한국보상원 사무원 구인 공고 사무원 손실 보상 및 협의 사무 보조,관습형,
140,쁘띠쁘아유치원 유치원 조리사 구인 공고 어린이집 조리사,현실형,
141,드림나라병원 기타 보건 의료 종사원 공고 기타 보건 의료 종사원 환자 이송 및 관리 병실 관리 등,진취형,
142,도시농사꾼 농업회사법인 버섯 재배 및 물류관리 구인 공고 용호별빛공원 내 버섯재배 및 물류관리,진취형,
143,에프지인더스트리 선박설계사 구인 공고 선박설계 10년 이상 경력필수 영어회화 가능자비즈니스 회화 능통자 대우조선한진중공업 출신 우대,현실형,
144,제과제빵 음료제조사 조리사 근면 성실하고 오래 근무 가능한 사람 우대,현실형,
145,수변최고돼지국밥 조리사 구인 공고 조리사 유관경력 우대,현실형,
146,수변최고돼지국밥 센텀점 조리사 구인 공고 조리사 유관경력 우대,현실형,
147,금수복국 온천점 조리사 구인 공고 조리사 유관경력 우대,현실형,
148,금수복국 센텀벡스코점 조리사 구인 공고 조리사 유관경력 우대,현실형,
149,금수복국 동래점 조리사 구인 공고 조리사 유관경력 우대,현실형,
150,우진피엠이 CNCMCT사상연마 기술직 구인 공고,현실형,
151,해뜨는어린이집 어린이집 조리사 구인 공고 어린이집 조리사,현실형,
152,꿈드림키즈 보육보조교사 구인 공고 어린이집 보육보조 교사,사회형,
153,시설특수관리 빌딩전기관리 호텔 시설물 유지보수 등 경력자 우대 중식제공,현실형,
154,동창주조창 주조원 주조원 조형 조형중자 및 합형 생산 작업,현실형,
155,하운드호텔 부산역점 호텔조리사 구인 공고 호텔 조리사 유관경력 또는 한식양식 자격증 소지자 우대 조식 직원식 런치 조리,현실형,
156,재가요양보호사 채용 방문 복지서비스 제공업 요양보호사필수,현실형,
157,재가요양보호사 모집 개인 간병 및 유사 서비스업 요양보호사필수,현실형,
158,괴정동재가요양보호사 모집 개인 간병 및 유사 서비스업 요양보호사필수,현실형,
159,SK텔레콤 안락사옥 미화직원 채용 비주거용 부동산 관리업 관계없음,진취형,
160,재가요양보호사 모집남부민동 방문 복지서비스 제공업 요양보호사필수,현실형,
161,브니엘예술고등학교 교육공무직원조리원 채용공고 일반 고등학교 관계없음,예술형,
162,채용대행 명륜동 명륜자이 아파트 미화원 경비 및 경호 서비스업 관계없음,현실형,
163,재가요양보호사 구인 사회복지 서비스업 요양보호사필수,현실형,
164,재가요양보호사 모집 방문 복지서비스 제공업 요양보호사필수,현실형,
165,재가요양보호사 채용합니다 방문 복지서비스 제공업 요양보호사필수,현실형,
166,재가요양보호사 채용 방문 복지서비스 제공업 요양보호사1급필수,현실형,
167,용호동 아파트 보안대원 채용 사업시설 유지관리 서비스업 관계없음,진취형,
168,어르신 다정하게 보살펴 주실 요양보호사 구합니다 사회복지 서비스업 요양보호사필수 기타 치매교육이수증,현실형,
169,재가요양보호사 구인 긴급 방문 복지서비스 제공업 요양보호사필수,현실형,
170,민락동오전 재가요양보호사 모집 방문 복지서비스 제공업 요양보호사2급필수,현실형,
171,재가 요양보호사 모집정관 노인 요양 복지시설 운영업 요양보호사필수,진취형,
172,재가 요양보호사 모집 그 외 기타 보건업 요양보호사필수,현실형,
173,요양보호사 모집 노인 요양 복지시설 운영업 요양보호사1급필수,진취형,
174,재가요양보호사 모집 보건업 요양보호사필수 기타 치매교육이수증 필수,현실형,
175,재가요양보호사 채용 주5일 9시12시 방문 복지서비스 제공업 요양보호사필수,현실형,
176,재가요양보호사 모집 방문 복지서비스 제공업 요양보호사필수,현실형,
177,자동차부품 생산직 사원 채용 기타 기계 및 장비 제조업 관계없음,현실형,
178,재가요양보호사 모집정관 노인 요양 복지시설 운영업 요양보호사필수,진취형,
179,재가요양보호사 모집 방문 복지서비스 제공업 요양보호사필수,현실형,
180,재가요양보호사 모집 사회복지 상담서비스 제공업 요양보호사필수,현실형,
181,용호동요양보호사님 방문 복지서비스 제공업 요양보호사필수,현실형,
182,어린이집 조리사 선생님 모십니다 보육시설 운영업 한식조리기능사필수,진취형,
183,개금동동 요양보호사 노인 요양 복지시설 운영업 관계없음,진취형,
184,재가요양보호사 모집 보건 및 복지 행정 요양보호사필수,현실형,
185,장애인활동지원사 모집 방문 복지서비스 제공업 관계없음,현실형,
186,재가요양보호사 모집일광 방문 복지서비스 제공업 요양보호사필수,현실형,
187,재가요양보호사 모집 노인 요양 복지시설 운영업 요양보호사필수,진취형,
188,재가요양보호사 구인 방문 복지서비스 제공업 요양보호사필수,현실형,
189,3등급 할아버지주6일재가요양보호사 채용 노인 요양 복지시설 운영업 요양보호사필수,진취형,
190,조양아파트 미화원 모집 주거용 부동산 관리업 관계없음,진취형,
191,재가요양보호사 모집기장 방문 복지서비스 제공업 요양보호사필수,현실형,
192,족발 음식점에서 고기 써는 분 채용합니다 한식 음식점업 관계없음,현실형,
193,족발 음식점 홀서빙 구인 한식 음식점업 관계없음,현실형,
194,재가요양보호사 모집 방문 복지서비스 제공업 요양보호사필수,현실형,
195,아미동 3등급 할아버지 재가요양보호사 구인 노인 요양 복지시설 운영업 요양보호사필수,진취형,
196,재가요양보호사 모집 노인 요양 복지시설 운영업 요양보호사필수,진취형,
197,재가요양보호사 모집 방문 복지서비스 제공업 요양보호사필수,현실형,
198,W스퀘어 상가 미화원 주간야간 채용 경비 및 경호 서비스업 관계없음,현실형,
199,요양보호사 모집 방문 복지서비스 제공업 요양보호사1급필수,현실형,
200,남구 감만동 요양보호사님을 모집합니다 노인 양로 복지시설 운영업 요양보호사1급필수,진취형,
201,재가요양보호사 모집 사회복지 상담서비스 제공업 요양보호사필수,현실형,
202,재가요양보호사 모십니다 노인 요양 복지시설 운영업 관계없음,진취형,
203,요양원 조리원 모집합니다 노인 요양 복지시설 운영업 한식조리기능사우대,진취형,
204,재가요양보호사 모집 노인 요양 복지시설 운영업 요양보호사필수,진취형,
205,재가요양보호사 모집 개인 간병 및 유사 서비스업 요양보호사필수,현실형,
206,재가요양보호사 구인 방문 복지서비스 제공업 요양보호사1급필수,현실형,
207,장애인활동지원사 모집입니다 방문 복지서비스 제공업 관계없음,현실형,
208,재가요양보호사 모집기장 노인 요양 복지시설 운영업 요양보호사1급필수,진취형,
209,사하구 다대동 재가 요양보호사 구인 강서새일센터 채용대행 방문 복지서비스 제공업 요양보호사필수,현실형,
210,재가요양보호사 모집 사회복지 서비스업 요양보호사필수,현실형,
211,영도요양원 조리원 주방보조 업무 단시간 근무3시간 노인 요양 복지시설 운영업 관계없음,진취형,
212,재가요양보호사 모집 방문 복지서비스 제공업 요양보호사필수,현실형,
213,긴급돌봄 방문요양보호사 모집송정 방문 복지서비스 제공업 요양보호사필수,현실형,
214,재가요양보호사 모집 방문 복지서비스 제공업 요양보호사2급필수,현실형,
215,재가요양보호사 모집 노인 요양 복지시설 운영업 요양보호사1급필수,진취형,
216,빌딩미화원 모집 한화생명 사업시설 유지관리 서비스업 관계없음,진취형,
217,중구청 구내식당 조리 보조하실 분 모집합니다 출장 음식 서비스업 관계없음,현실형,
218,요양보호사급구 그 외 기타 비거주 복지 서비스업 요양보호사1급필수,현실형,
219,재가요양보호사 모집 사회복지 서비스업 요양보호사필수,현실형,
220,재가요양보호사 채용 방문 복지서비스 제공업 요양보호사필수,현실형,
221,재가요양보호사 모집 노인 요양 복지시설 운영업 요양보호사필수,진취형,
222,개금동 요양보호사 노인 요양 복지시설 운영업 요양보호사필수,진취형,
223,더샵명지퍼스트월드 2단지 미화원 채용 경비 및 경호 서비스업 관계없음,현실형,
224,재가요양보호사 모집 방문 복지서비스 제공업 요양보호사필수,현실형,
225,재가요양보호사 모집 기타 전문 서비스업 요양보호사필수,현실형,
226,재가요양보호사 모집 그 외 기타 거주 복지시설 운영업 요양보호사필수,진취형,
227,자반공등어 가공업체 작업장근무자 구인 신선 냉동 및 기타 수산물 도매업 관계없음,현실형,
228,빌딩 미화원 모집 건축물 일반 청소업 관계없음,현실형,
229,경비원 모집 건물 및 토목 엔지니어링 서비스업 관계없음,현실형,
230,청소원 모집격일제 기타 개인 서비스업 관계없음,현실형,
231,재가요양보호사 모집 개인 간병 및 유사 서비스업 요양보호사필수,현실형,
232,요양병원 조리장 모집 식품 위생용 종이 상자 및 용기 제조업 관계없음,현실형,
233,진구 당감동 요양보호사님을 모집합니다 그 외 기타 보건업 요양보호사1급필수,현실형,
234,주에이스플러스 서부주공아파트 미화원 모집기장 경비 및 경호 서비스업 관계없음,현실형,
235,재가요양보호사 모집 방문 복지서비스 제공업 요양보호사필수,현실형,
236,재가요양보호사 채용 방문 복지서비스 제공업 관계없음,현실형,
237,주에이스플러스 전원그린B아파트 경비원 모집 경비 및 경호 서비스업 관계없음,현실형,
238,재가요양보호사 모십니다 방문 복지서비스 제공업 요양보호사필수,현실형,
239,재가요양보호사 모집 사회복지 서비스업 요양보호사필수,현실형,
240,재가요양보호사 모집 치매교육이수 필수 사회복지 서비스업 요양보호사필수,현실형,
241,가야동 요양보호사 사회복지 상담서비스 제공업 요양보호사필수,현실형,
242,와이즈파크 미화원 모십니다 건축물 일반 청소업 관계없음,현실형,
243,재가요양보호사 채용 노인 요양 복지시설 운영업 요양보호사1급필수,진취형,
244,재가요양보호사 모집 방문 복지서비스 제공업 요양보호사필수,현실형,
245,재가요양보호사 채용 노인 요양 복지시설 운영업 요양보호사필수,진취형,
246,재가요양보호사 모집 노인 요양 복지시설 운영업 요양보호사필수,진취형,
247,재가요양보호사모집 그 외 기타 비거주 복지 서비스업 요양보호사1급필수,현실형,
248,미화원 사업시설 유지관리 서비스업 관계없음,진취형,
249,재가요양보호사 모집 보건 및 복지 행정 요양보호사필수,현실형,
250,승강기 용접 승강기 조립 모집장안 승강기 제조업 관계없음,현실형,
251,재가요양보호사 모집 방문 복지서비스 제공업 요양보호사필수,현실형,
252,5등급여자어르신오전재가요양보호사 채용 노인 요양 복지시설 운영업 요양보호사필수,진취형,
253,주3일오전4등급여자어르신 요양보호사 채용 방문 복지서비스 제공업 요양보호사1급필수,현실형,
254,장림동 장애인활동지원사 구인 사회복지 상담서비스 제공업 관계없음,현실형,
255,괴정동 대티로31 요양보호사 구인 노인 요양 복지시설 운영업 요양보호사필수,진취형,
256,효나눔 재가복지센터 요양보호사 모집 기장 방문 복지서비스 제공업 요양보호사필수,현실형,
257,재가요양보호사 모십니다 사회복지 상담서비스 제공업 요양보호사필수,현실형,
258,수영구 광안동 요양보호사님을 모집합니다 노인 요양 복지시설 운영업 요양보호사1급필수,진취형,
259,치매이수 재가요양보호사 모집 사회복지 상담서비스 제공업 요양보호사필수,현실형,
260,요양보호사 선생님을 모십니다 방문 복지서비스 제공업 요양보호사필수,현실형,
261,정화조 청소보조 업무 모집 하수 폐수 및 분뇨 처리업 관계없음,현실형,
262,재가요양보호사 모집 사회복지 상담서비스 제공업 요양보호사1급필수,현실형,
263,재가요양보호사 구인 방문 복지서비스 제공업 요양보호사1급필수,현실형,
264,3등급 재가요양보호사 모집 보건 및 복지 행정 요양보호사필수,현실형,
265,재가요양보호사 5등급 주5일 오전 912시 할머니 그 외 기타 보건업 요양보호사필수,현실형,
266,다대푸른아파트 경비원 구인 인력 공급업 관계없음,현실형,
267,세인요양병원 조리원 모집 공중 보건 의료업 관계없음,현실형,
268,남부민동 오전 재가 요양보호사 모집 방문 복지서비스 제공업 요양보호사필수,현실형,
269,재가요양보호사 모집 노인 요양 복지시설 운영업 요양보호사필수,진취형,
270,재가요양보호사 모집 그 외 기타 비거주 복지 서비스업 요양보호사필수,현실형,
271,요양보호사 방문 복지서비스 제공업 관계없음,현실형,
272,재가요양보호사 모집 방문 복지서비스 제공업 요양보호사필수,현실형,
273,재가요양보호사 모집 방문 복지서비스 제공업 요양보호사필수,현실형,
274,영도요양원 요양보호사 모집 요양보호사 자격증 필수 노인 요양 복지시설 운영업 요양보호사필수,진취형,
275,4등급 재가요양보호사 모집 그 외 기타 비거주 복지 서비스업 요양보호사필수,현실형,
276,5등급 치매어르신 돌봄 방문 복지서비스 제공업 요양보호사필수,현실형,
277,애림요양원 위생원 모집 노인 요양 복지시설 운영업 관계없음,진취형,
278,장애인활동보조인 모집 그 외 기타 비거주 복지 서비스업 관계없음,현실형,
279,연제구 연산동 요양보호사님을 모집합니다 노인 요양 복지시설 운영업 요양보호사1급필수,진취형,
280,재가요양보호사 모집 방문 복지서비스 제공업 요양보호사필수,현실형,
281,재가요양보호사 모집 사회복지 상담서비스 제공업 요양보호사필수,현실형,
282,재가요양보호사 모집 방문 복지서비스 제공업 요양보호사필수,현실형,
283,1등급 재가요양보호사님을 모집합니다 노인 요양 복지시설 운영업 요양보호사필수,진취형,
284,요양병원 케어 매니저 모집 요양 병원 관계없음,현실형,
285,한국과학영재학교 급식 보조배식도우미 채용합니다 교육 행정 관계없음,현실형,
286,재가요양보호사 모집 방문 복지서비스 제공업 요양보호사필수,현실형,
287,사내식당 주방 담당자 채용 수산동물 훈제 조리 및 유사 조제식품 제조업 관계없음,현실형,
288,재가요양보호사 모집 노인 요양 복지시설 운영업 요양보호사필수,진취형,
289,주5일 오전 재가요양보호사 구인 노인 요양 복지시설 운영업 요양보호사필수,진취형,
290,4등급 여어르신 케어 재가 요양보호사 채용 그 외 기타 보건업 요양보호사필수,현실형,
291,4등급여자어르신 주5일재가요양보호사 채용 그 외 기타 보건업 요양보호사필수,현실형,
292,재가 요양사 모집 개인 간병 및 유사 서비스업 요양보호사1급필수,현실형,
293,장애인활동보조인 모집 그 외 기타 비거주 복지 서비스업 관계없음,현실형,
294,범천동 재가요양보호사 모집 방문 복지서비스 제공업 요양보호사필수,현실형,
295,해운대 대동타운 미화원 채용 경비 및 경호 서비스업 관계없음,현실형,
296,요양보호사 모집 노인 요양 복지시설 운영업 요양보호사필수,진취형,
297,정형외과 조리원 모집 병원 관계없음,현실형,
298,재가요양보호사 채용 사회복지 상담서비스 제공업 요양보호사1급필수,현실형,
299,남구 용호동 LG메트로3차 요양보호사님을 모집합니다 사회복지 상담서비스 제공업 요양보호사1급필수,현실형,
300,재가요양보호사 모집 방문 복지서비스 제공업 요양보호사필수 기타,현실형,
301,모라동 재가요양보호사 모집 그 외 기타 비거주 복지 서비스업 요양보호사필수 기타 치매교육이수증,현실형,
302,재가요양보호사 구인 그 외 기타 비거주 복지 서비스업 요양보호사필수,현실형,
303,노인 요양 복지시설 운영업 요양보호사1급필수,진취형,
304,4등급할머니오전주5일재가 요양보호사 채용 사회복지 서비스업 요양보호사필수,현실형,
305,장애인활동지원사 모집 방문 복지서비스 제공업 기타 장애인활동 지원사 수료증,현실형,
306,물류 배송직원 및 보조원 모집 정관 신선 냉동 및 기타 수산물 도매업 자동차운전면허2종보통필수 기타 2종이상 수동 면허증,현실형,
307,주간보호센터 사회복지사 모집 개인 간병 및 유사 서비스업 사회복지사2급필수 자동차운전면허2종보통필수,사회형,
308,재가요양보호사 모집 방문 복지서비스 제공업 요양보호사필수,현실형,
309,재가요양보호사 모집 방문 복지서비스 제공업 요양보호사1급필수,현실형,
310,요양보호사님 구합니다부전동 방문 복지서비스 제공업 요양보호사필수,현실형,
311,1등급 여자어르신 케어하실 요양보호사 모집 노인 요양 복지시설 운영업 요양보호사필수,진취형,
312,재가 요양보호사 채용 사회복지 상담서비스 제공업 요양보호사필수,현실형,
313,오전 재가요양 보호사 구함 사회복지 상담서비스 제공업 요양보호사필수,현실형,
314,얼음생산직 채용 창고 및 운송관련 서비스업 관계없음,현실형,
315,시설 요양보호사 모집 노인 요양 복지시설 운영업 요양보호사필수,진취형,
316,재가요양보호사 모집 노인 요양 복지시설 운영업 요양보호사1급필수,진취형,
317,재가요양보호사 모집 방문 복지서비스 제공업 요양보호사필수,현실형,
318,재가요양보호사 모집 보건 및 복지 행정 요양보호사필수,현실형,
319,요양보호사 선생님을 모십니다3등급 할머니 노인 요양 복지시설 운영업 요양보호사1급필수,진취형,
320,재가요양보호사 구인 방문 복지서비스 제공업 요양보호사1급필수,현실형,
321,재가요양보호사 모집 그 외 기타 보건업 요양보호사필수,현실형,
322,재가요양보호사 채용 그 외 기타 보건업 요양보호사필수,현실형,
323,요양보호사 선생님을 모십니다 노인 요양 복지시설 운영업 요양보호사1급필수,진취형,
324,재가요양보호사 모집 노인 요양 복지시설 운영업 요양보호사필수,진취형,
325,재가요양보호사 모집 방문 복지서비스 제공업 요양보호사필수,현실형,
326,사직 쌍용예가 2차아파트 미화원 모집 상용 인력 공급 및 인사관리 서비스업 관계없음,진취형,
327,보수동 재가요양보호사 모십니다 그 외 기타 비거주 복지 서비스업 요양보호사필수,현실형,
328,서구 송도 암남동 4등급 여성 어르신 사회복지 상담서비스 제공업 요양보호사1급필수,현실형,
329,재가요양보호사 모집 노인 요양 복지시설 운영업 요양보호사1급필수,진취형,
330,재가요양보호사 채용 방문 복지서비스 제공업 요양보호사필수,현실형,
331,주5일 오후 재가요양보호사 모집 방문 복지서비스 제공업 요양보호사필수,현실형,
332,재가요양보호사 모집 개인 간병 및 유사 서비스업 요양보호사1급필수,현실형,
333,주간보호센터 요양보호사 모십니다 방문 복지서비스 제공업 요양보호사필수 기타 자동차운전면허 자격증,현실형,
334,주6일 오전재가요양보호사 모집 방문 복지서비스 제공업 관계없음,현실형,
335,케어신재가노인복지센터 재가요양보호사 모집 기장 그 외 기타 비거주 복지 서비스업 관계없음,현실형,
336,재가요양보호사 모집 방문 복지서비스 제공업 요양보호사필수,현실형,
337,재가요양보호사 모집 개인 간병 및 유사 서비스업 요양보호사필수,현실형,
338,요양보호사 모집 방문 복지서비스 제공업 요양보호사필수,현실형,
339,요양보호사 채용 방문 복지서비스 제공업 요양보호사1급필수,현실형,
340,재가요양보호사 채용 사회복지 서비스업 요양보호사필수,현실형,
341,요양병원 조리원 모집 그 외 기타 보건업 관계없음,현실형,
342,금곡동 재가요양보호사 구인 그 외 기타 보건업 요양보호사필수,현실형,
343,재가요양보호사님 모십니다 방문 복지서비스 제공업 요양보호사필수,현실형,
344,재가요양보호사님 모십니다 방문 복지서비스 제공업 요양보호사필수,현실형,
345,덕천2동재가요양보호사 모십니다 개인 간병 및 유사 서비스업 요양보호사1급필수 기타,현실형,
346,재가요양보호사 모집 노인 요양 복지시설 운영업 요양보호사필수,진취형,
347,재가요양보호사 모집일광 방문 복지서비스 제공업 요양보호사필수,현실형,
348,재가요양보호사 모집 그 외 기타 비거주 복지 서비스업 요양보호사필수,현실형,
349,호텔 미화원모집외곽 사업시설 유지관리 서비스업 관계없음,진취형,
350,재가요양보호사 모집 방문 복지서비스 제공업 관계없음,현실형,
351,요양병원 중환자실 공동간병사 모집 개인 간병 및 유사 서비스업 요양보호사1급우대,현실형,
352,빌딩 미화원 채용합니다 소독 구충 및 방제 서비스업 관계없음,현실형,
353,그 외 기타 보건업 요양보호사필수,현실형,
354,부암동백양산쌍용스윗닷홈 아파트 미화원 사업시설 유지관리 서비스업 관계없음,진취형,
355,재가요양보호사 채용 방문 복지서비스 제공업 요양보호사1급필수,현실형,
356,부산큰병원 시설관리원 모집 경총중장년내일센터 채용대행 건축물 일반 청소업 관계없음,진취형,
357,재가요양보호사 모집기장 노인 요양 복지시설 운영업 요양보호사1급필수,진취형,
358,재가요양보호사 모집 노인 요양 복지시설 운영업 요양보호사필수,진취형,
359,당감동 재가요양보호사 노인 요양 복지시설 운영업 요양보호사필수,진취형,
360,재가요양보호사 모집 사회복지 서비스업 요양보호사필수,현실형,
361,재가요양보호사 모집 사회복지 상담서비스 제공업 요양보호사필수,현실형,
362,재가요양보호사 채용 그 외 기타 보건업 요양보호사필수,현실형,
363,4등급 여자 어르신 요양보호사 모십니다 노인 요양 복지시설 운영업 요양보호사필수,진취형,
364,재가요양보호사 구인 노인 양로 복지시설 운영업 요양보호사1급필수,진취형,
365,재가요양보호사 모집 방문 복지서비스 제공업 요양보호사필수,현실형,
366,재가요양보호사 모집 기장 방문 복지서비스 제공업 요양보호사필수,현실형,
367,장애인활동지원사 모집 기타 사회서비스 관리 행정 관계없음,진취형,
368,재가요양보호사 모집 사회복지 서비스업 요양보호사필수,현실형,
369,재가요양보호사 모십니다 방문 복지서비스 제공업 요양보호사필수,현실형,
370,이안동래센트럴시티 아파트청소원 채용출근날짜 협의 가능 인력 공급업 관계없음,현실형,
371,재가요양보호사 모집 방문 복지서비스 제공업 요양보호사필수,현실형,
372,일신주간보호센터 재가요양보호사 모집정관 노인 요양 복지시설 운영업 요양보호사필수 기타 치매교육이수증,진취형,
373,수포츠센터 수영장 여탕 청소 모집 스포츠 서비스업 관계없음,현실형,
374,주례동 80대 독거 어르신 재가요양보호사 구인 방문 복지서비스 제공업 요양보호사필수,현실형,
375,재가요양보호사 채용 노인 요양 복지시설 운영업 요양보호사1급필수,진취형,
376,남구 대연동 요양보호사님을 모집합니다 방문 복지서비스 제공업 요양보호사필수,현실형,
377,재가요양보호사 구인 방문 복지서비스 제공업 요양보호사1급필수,현실형,
378,재가요양보호사 구인 노인 요양 복지시설 운영업 요양보호사필수,진취형,
379,동구 범일동 요양보호사님을 모집합니다 그 외 기타 보건업 요양보호사1급필수,현실형,
380,스톤게이트CC 남자 락커룸 관리원 모집일광 사업시설 유지관리 서비스업 자동차운전면허우대,진취형,
381,재가요양보호사 모집 방문 복지서비스 제공업 요양보호사2급필수,현실형,
382,재가요양보호사 모집 치매교육이수 필수 사회복지 상담서비스 제공업 요양보호사필수,현실형,
383,재가요양보호사 모집 방문 복지서비스 제공업 요양보호사필수,현실형,
384,삼정기업주 동부산아울렛 미화원모집오전오후조 건축물 일반 청소업 관계없음,현실형,
385,재가요양보호사 모집 방문 복지서비스 제공업 요양보호사필수,현실형,
386,재가요양보호사 구인 사회복지 상담서비스 제공업 요양보호사필수,현실형,
387,재가요양보호사 모집 4등급 할머니독거주5일 9001200 방문 복지서비스 제공업 요양보호사필수,현실형,
388,재가요양보호사 모집 노인 요양 복지시설 운영업 관계없음,진취형,
389,더샾 아델리스 오피스텔 남사우나실 미화원 구인 경비 및 경호 서비스업 관계없음,현실형,
390,재가요양보호사 모집 개인 간병 및 유사 서비스업 요양보호사필수,현실형,
391,남구 용호동 요양보호사님을 모집합니다 노인 양로 복지시설 운영업 요양보호사1급필수,진취형,
392,호텔롯데 L7 해운대 추가 하우스맨 채용 소독 구충 및 방제 서비스업 관계없음,현실형,
393,남구 용호동 요양보호사님을 모집합니다 방문 복지서비스 제공업 요양보호사1급필수,현실형,
394,재가요양보호사 모집 월내 방문 복지서비스 제공업 요양보호사필수,현실형,
395,구서동 요양병원 간호조무사 채용 합니다나이트고정 3교대 각1명 공중 보건 의료업 간호조무사필수 기타 간호조무사,현실형,
396,강서구 녹산산단내 회사 미화원모집 경비 및 경호 서비스업 관계없음,현실형,
397,주세웅서비스 일광이지더원1차아파트 미화원 모집 경비 및 경호 서비스업 관계없음,현실형,
398,강서구 송정동녹산 내 회사 업체 미화원 모집 경비 및 경호 서비스업 관계없음,현실형,
399,재가요양보호사 모집 사회복지 서비스업 요양보호사필수,현실형,
400,광안쌍용예가디오션 아파트 미화원 모집 경비 및 경호 서비스업 관계없음,현실형,
401,부부케어재가요양보호사 모집 사회복지 상담서비스 제공업 요양보호사1급필수,현실형,
402,사랑의 요양병원 미화원 모집합니다 건물ㆍ산업설비 청소 및 방제 서비스업 관계없음,현실형,
403,어묵제조회사 주금진식품 내포장실 어묵포장 직원 모집 기타 수산동물 가공 및 저장 처리업 관계없음,현실형,
404,5등급 치매 여자어르신 돌봄 방문 복지서비스 제공업 요양보호사필수,현실형,
405,부전동 여자미화원 모집 그 외 기타 협회 및 단체 관계없음,현실형,
406,회사내 단시간미화직 모집정관 가공식품 도매업 관계없음,현실형,
407,재가요양보호사 구인 방문 복지서비스 제공업 요양보호사1급필수,현실형,
408,재가요양보호사 구인 방문 복지서비스 제공업 요양보호사1급필수,현실형,
409,장애인활동지원사 모십니다 그 외 기타 비거주 복지 서비스업 관계없음,현실형,
410,재가요양보호사 모집 사회복지 상담서비스 제공업 요양보호사필수,현실형,
411,망미동 재가 요양보호사 채용합니다 개인 간병 및 유사 서비스업 요양보호사필수,현실형,
412,재가요양보호사 모집 방문 복지서비스 제공업 요양보호사필수,현실형,
413,모라동재가요양보호사 모집 방문 복지서비스 제공업 요양보호사필수,현실형,
414,4등급 여자어르신 돌봄오전 방문 복지서비스 제공업 요양보호사필수,현실형,
415,좌천동 재가요양보호사 방문 복지서비스 제공업 요양보호사필수,현실형,
416,배송출고기사님 및 수산물가공 생산직 모집 도매 및 상품 중개업 관계없음,현실형,
417,요양보호사모집 그 외 기타 보건업 요양보호사1급필수,현실형,
418,이마트 사상점 구내식당 참모 모집 신선식품 및 단순 가공식품 소매업 관계없음,현실형,
419,중동 재가요양사 구인 4등급 90대 남 주5일 방문 복지서비스 제공업 요양보호사필수,현실형,
420,아파트 미화원 모집 경비 및 경호 서비스업 관계없음,현실형,
421,진구 양정동 요양보호사님을 모집합니다 그 외 기타 보건업 요양보호사1급필수,현실형,
422,재가요양보호사 모집 보건업 요양보호사필수,현실형,
423,신선 및 직선 경력자 모집합니다 금속가공제품 제조업 기계 및 가구 제외 관계없음,현실형,
424,주지원현장공무 관리자 모집합니다 폐기물 수집 운반 처리 및 원료 재생업 자동차운전면허1종보통우대,진취형,
425,요양보호사구함 그 외 기타 비거주 복지 서비스업 요양보호사1급필수,현실형,
426,제조생산과 납품 업무 배전반 및 전기 자동제어반 제조업 자동차운전면허필수 기타 운전면허,현실형,
427,2등급 주6일 오후 재가 요양보호사 모집 방문 복지서비스 제공업 요양보호사필수,현실형,
428,병원구내식당 조리사 조리원 모집 종합 병원 관계없음,현실형,
429,주간보호 요양보호사 모집 그 외 기타 비거주 복지 서비스업 요양보호사1급필수 자동차운전면허필수,현실형,
430,재가요양보호사 채용 노인 요양 복지시설 운영업 요양보호사필수,진취형,
431,재가요양보호사 모집 방문 복지서비스 제공업 요양보호사필수,현실형,
432,재가요양보호사 구인 노인 요양 복지시설 운영업 요양보호사1급필수,진취형,
433,부산 사하구 장림동 하나병원 구급차운전건물경비업무 포함격일제구함 그 외 기타 보건업 자동차운전면허1종보통필수,현실형,
434,재가요양보호사 모집 사회복지 서비스업 요양보호사필수,현실형,
435,재가요양보호사님 모십니다 방문 복지서비스 제공업 요양보호사필수,현실형,
436,수영구 광안동 요양보호사님을 모집합니다 기타 비거주 복지 서비스업 요양보호사필수,현실형,
437,목욕요양보호사 모집 노인 요양 복지시설 운영업 요양보호사필수,진취형,
438,축산 가공작업 구인 도매 및 상품 중개업 관계없음,현실형,
439,채용대행주간보호센터 요양보호사 구인 노인 요양 복지시설 운영업 요양보호사1급필수 자동차운전면허1종보통필수,진취형,
440,어린이집 연장반 보조교사 모집 보육시설 운영업 보육교사2급필수,사회형,
441,오전 재가요양보호사 모집 방문 복지서비스 제공업 요양보호사2급필수,현실형,
442,토성동 경동리인타워 미화원 경비 및 경호 서비스업 관계없음,현실형,
443,재가요양보호사 모집 보건 및 복지 행정 요양보호사필수,현실형,
444,센터 시설 청소 미화원 모집 기타 스포츠 교육기관 관계없음,현실형,
445,재가요양보호사 채용치매교육이수자 노인 요양 복지시설 운영업 요양보호사1급필수,진취형,
446,장애인활동보조인 모집 그 외 기타 비거주 복지 서비스업 관계없음,현실형,
447,영양실 단체급식조리원 채용 요양 병원 관계없음,현실형,
448,병원 청소미화원 모집 경비 및 경호 서비스업 관계없음,현실형,
449,재가요양보호사님 모십니다 방문 복지서비스 제공업 요양보호사필수,현실형,
450,재가요양보호사님 모십니다 방문 복지서비스 제공업 요양보호사필수,현실형,
451,병원식당 조리원 및 주방보조원 모집 그 외 기타 보건업 관계없음,현실형,
452,배송 운전기사 채용 기타 신선식품 및 단순 가공식품 소매업 자동차운전면허1종보통필수,현실형,
453,아파트 미화원 모집 경비 및 경호 서비스업 관계없음,현실형,
454,2024년 하반기 지역공동체일자리 참여자 추가모집공고,현실형,
455,2024년 해수욕장 폐장 후 안전관리 기간제근로자 채용 공고,진취형,
456,2024년도 가축전염병 선제대응 기간제근로자 채용,현실형,
457,부산광역시농업기술센터 기간제노동자 채용 공고 지역특화농업기술정보화인력지원,현실형,
458,부산광역시 동래구 시간선택제임기제공무원불법 광고물 단속 정비 채용 계획 재공고,현실형,
459,부산광역시의료원 행정처장 공개 모집,현실형,
460,2024년 기장군 토지정보과 기간제근로자 채용,현실형,
461,기장군의회 기간제근로자민원응대 및 사무보조 채용,관습형,
462,영도구 시간선택제임기제공무원 채용계획 공고,현실형,
463,2024년 연제구 마을건강센터 기간제근로자마을간호사 채용 공고,사회형,
464,2024년 정관노인복지관 프로그램 강사 신규채용,현실형,
465,해운대구 통합사례관리사 공개채용공고,진취형,
466,2024년 하반기 병리검사실 기간제 근로자임상병리사 채용 공고,현실형,
467,2024년 제2차 영도해녀문화전시관 기간제근로자 채용 공고,현실형,
468,2024년 하반기 연안친수시설관리 기간제근로자 채용 공고,진취형,
469,2024년 국가결핵관리사업 기간제 근로자 채용 공고,진취형,
470,2024년 부설주차장 현장점검 기간제 근로자 채용 공고,현실형,
471,남구 CCTV 통합관제센터관제요원기간제 근로자 채용,현실형,
472,정관보건지소 민원실 기간제 근로자 채용,현실형,
473,2024년 제4단계 공공근로사업참여자 모집 공고,현실형,
474,2024년 하반기 기간제근로자속기 채용공고,현실형,
475,일반임기제무대조명 분야 공업일반전기8급 채용 공고,현실형,
476,재부산연구원 비상임연구원 채용 공고,현실형,
477,2024년 하반기 연제문화체육공원 및 연산동 고분군 관리 기간제근로자 채용 공고,진취형,
478,부산진여성새로일하기센터 취업상담사 모집,현실형,
479,2024년도 기장군도시관리공단 노인맞춤돌봄서비스분관 생활지원사 추가채용,진취형,
480,2024년 9월 영도 마리노 오토캠핑장 기간제근로자 채용 공고,현실형,
481,2024년 하반기 연제문화체육공원 및 연산동 고분군 관리 기간제근로자 채용 공고,진취형,
482,의료급여 업무보조 기간제근로자 채용 공고,현실형,
483,의료급여관리사 기간제근로자 채용 공고연장,진취형,
484,영도구보건소 예방접종실 기간제근로자 채용 공고,현실형,
485,2024년 부동거래신고 업무보조 기간제근로자 채용 공고,현실형,
486,2024년 하반기 동래스파시티노천족욕탕 기간제근로자 채용,현실형,
487,2024년 부산광역시 열린행사장 컨텐츠 운영 관리 기간제노동자 채용 공고,진취형,
488,목조문화재 감시순찰 기간제근로자 채용,현실형,
489,2024년 교통유발부담금 기간제근로자전산입력보조 재채용 공고,현실형,
490,부산여성가족과 평생교육진흥원 원장 채용 공고,현실형,
491,2024년 하반기 인재개발원 기간제노동자식당보조 채용 공고,현실형,
492,2024년 신종감염병 대응 기간제근로자 채용 공고,현실형,
493,2024년 지역사회중심 금연지원서비스사업 금연지도원 모집공고,현실형,
494,2024년 부산사회조사 조사요원 모집 공고,현실형,
495,2024년 부산사회조사 조사요원 모집공고,현실형,
496,동래구 혁신어울림센터 들락날락 작은도서관 기간제근로자 채용 공고,현실형,
497,부산광역시 중동부사업소 기간제 노동자공무직 대체인력 채용 공고,현실형,
498,낙동강관리본부 기간제노동자공무직 대체인력 채용 재공고,진취형,
499,2024년 하반기 온천천 기간제근로자시설물관리 채용 재공고,진취형,
500,2024년도 해맞이작은도서관 기간제근로자 채용,현실형,
501,2024년우리동 방역지킴이기간제근로자 채용 재공고,현실형,
502,재단법인 부산창조경제혁신센터 직원 채용 공고,탐구형,
503,2024년 부산광역시 청사 기계설비 유지관리 기간제노동자 채용 재공고,현실형,
504,영도 마리노 오토캠핑장 기간제근로자 채용추가공고,현실형,
505,2023년 기준 부산환경산업조사 조사요원 모집 공고,현실형,
506,2024년 연제구 아동복지교사 추가 채용 공고,사회형,
507,2024년 하반기 기장군 도서관 기간제근로자 채용 공고,현실형,
508,2024년 기장종합사회복지관 제4회 시간강사 채용,현실형,
509,2024년 노인맞춤돌봄서비스사업 생활지원사 추가채용,현실형,
510,2024년 하반기 공중 간이화장실 청소 및 시설물관리 업무 기간제근로자 채용,진취형,
511,2024년도 목조문화재 안전경비원장안사 인력 채용 공고,현실형,
512,2024년 박태준기념관 기간제근로자 채용,현실형,
513,기장군 환경통합관제센터기간제근로자 채용,현실형,
514,2024년 하반기 공원분야 기간제근로자 채용공고,현실형,
515,2024년 사상구 노후준비지원센터 전담인력기간제근로자 채용공고,현실형,
516,자동차 관련 과태료주정차위반과태료 등 기간제근로자 채용 공고,현실형,
517,영도구 시간선택제임기제공무원 채용계획 공고,현실형,
518,2024년 부산광역시 청사미화 기간제근로자 채용공고,현실형,
519,2024년도 영화의전당 제3차 기간제 직원 채용,현실형,
520,보건환경연구원 기간제노동자실험실 검사보조요원 채용 공고,현실형,
521,부산광역시 기장군자원봉사센터 센터장 채용,사회형,
522,해양수산인재개발원 공무직 근로자조리원 채용,현실형,
523,보건환경연구원 기간제노동자공무직 대체인력 채용 공고,현실형,
524,부산 조위관측소 관측원단시간 근로자 채용 공고,현실형,
525,2023년 기준 광업제조업조사 조사요원 모집,현실형,
526,2024년 에너지홈닥터 사업 추진을 위한 에너지 홈닥터 컨설턴트 모집 공고,진취형,
527,2024년 부산광역시 동래구 청사미화원기간제근로자 채용 공고,현실형,
528,2024년도 하반기 신중년 경력형 일자리 사업용호별빛공원 안전지킴이 및 전시해설가채용 공고,현실형,
529,2024년 하반기 사상구 구인구직개척단 채용 공고,현실형,
530,2024년 사상구보건소 민원실운영사업 기간제근로자 채용공고,현실형,
531,동래구 보건소 민원실 기간제근로자 채용 공고,현실형,
532,2024년도 제3단계 공공근로사업 및 하반기 지역공동체일자리사업 참여자 모집 공고,현실형,
533,부산진구 남성합창단 및 피오레여성합창단 가창지도자 모집 공고,현실형,
534,2024년 기장군 교통행정과 기간제근로자교통유발부담금 현장조사요원 채용,현실형,
535,부산진여성인력개발센터 직업능력개발팀 직원모집,현실형,
536,2024년 북구보건소 가족보건팀 기간제근로자 채용 공고,현실형,
537,2024년도 하반기 주거지전용 주차장 관리 요원기간제 근로자 채용 공고,진취형,
538,2024년 하반기 일광읍 주민자치 프로그램 강사채용,현실형,
539,부산현대미술관 기간제근로자공무직 대체인력 채용 공고,예술형,
540,해운대송정해수욕장 개장기간 편의시설관리 기간제근로자 모집,진취형,
541,2024년 제3단계 공공근로사업 및 하반기 지역공동체일자리사업 신청자 모집 공고,현실형,
542,2024년 방역사업 기간제근로자 추가 채용 공고,현실형,
543,2024년 제2회 부산진해경제자유구역청 일반임기제공무원행정6급 임용시험 공고,현실형,
544,2024년 결핵관리사업 기간제근로자간호사 채용,사회형,
545,성수기 해수욕장 시설팀 기간제근로자 채용공고,현실형,
546,부산광역시 보건환경연구원 기간제노동자공무직 대체인력 채용 재공고,현실형,
547,부산광역시 동구 임기제 공무원 채용계획 공고동영상 촬영 및 치매안심센터,현실형,
548,2023년 기준 해양산업조사 조사요원 모집,현실형,
549,2023년 기준 부산해양산업조사 조사요원 모집 공고,현실형,
550,재공고2024년 제1회 부산진해경제자유구역청 일반임기제공무원행정6급 임용시험 공고,현실형,
551,2024년 산사태현장예방단 채용 공고,현실형,
552,예방접종사업 기간제근로자간호사 채용 재공고,사회형,
553,영도구 보건행정과 기간제근로자 채용 재공고,현실형,
554,영도구 시간선택제임기제공무원 채용계획 공고,현실형,
555,부산진여성새로일하기센터 취업상담사 모집,현실형,
556,아시아드컨트리클럽주 공무직경력신입 채용 공고,현실형,
557,국립부산과학관 직원 채용 공고기간제 근로자,현실형,
558,부산도시공사 노동이사비상임이사 모집 공고,현실형,
559,2024년 녹지대관리 기간제근로자 추가채용 공고,진취형,
560,2024년도 글로벌도시재단 수탁사업 기간제 근로자 채용 공고,현실형,
561,2024년 의료취약지역 통합이동진료소사업 기간제근로자간호사 채용 재공고,사회형,
562,신중년 경력형 일자리사업해수면 위험구역 안전관리 참여자 모집 공고3차,진취형,
563,국립부산과학관 직원 채용 공고,현실형,
564,24년 기장종합사회복지관 제3회 시간강사 채용,현실형,
565,24년 기장읍 환경정비 분야 기간제근로자 추가 채용,현실형,
566,북구청소년상담복지센터 청소년동반자기간제근로자 채용 공고,현실형,
567,바다Dream작은도서관 들락날락 기간제근로자 채용 공고,현실형,
568,2024년 계량기 정기검사 전수조사원 채용 공고,현실형,
569,2024년 정관읍 노면청소차 보조탑승 기간제근로자 추가 채용,현실형,
570,2024년 하반기 방역소독사업 기간제근로자 채용 공고문,현실형,
571,2024년 제2회 부산광역시 부산진구 재활용사업소 기간제근로자 채용 공고,현실형,
572,2024년 불법 유동광고물 정비 기간제근로자 채용 공고,현실형,
573,재단법인 부산테크노파크 원장 채용 공고,현실형,
574,2024년 부산테크노파크 상반기 2차 계약직 공개채용 공고,현실형,
575,2023년도 주정차위반 과태료 체납액 징수정리 2차 기간제 근로자 채용,현실형,
576,부산광역시 남구 평생교육과 기간제 근로자평생교육사 채용 재공고,현실형,
577,2023년 하반기 동래구 일자리정보센터 취업상담사 채용,현실형,
578,북구 CCTV 통합관제센터 관제요원 채용 공고,현실형,
579,금련산청소년수련원 기간제노동자조경환경 채용2차 공고,현실형,
580,2023년 기장군 저수지관리원 기간제근로자 채용 공고,진취형,
581,부산진여성새로일하기센터 취업상담사 모집,현실형,
582,2023년 기장종합사회복지관 시간강사 채용 공고,현실형,
583,부산광역시 남구국민체육센터 기간제근로자 채용 공고,현실형,
584,2023년 화명택지 사후관리 기간제근로자 채용 공고,진취형,
585,2023년 교통유발부담금 기간제근로자 채용 공고,현실형,
586,2023년 박태준기념관 교육강사 채용 공고,현실형,
587,한전KDN 부산울산경남지역본부 전력통신팀 정보통신설비 단순정비 일용근로자 모집공고,현실형,
588,2023년도 거제신금로배수펌프장 기간제근로자 채용 공고,현실형,
589,2023년 정관읍 하절기 기간제근로자 채용,현실형,
590,업무지원직급식 공개채용,현실형,
591,청년일자리도약장려금 업무지원자사무보조 모집,관습형,
592,2023년도 제2차 장애인기업종합지원센터 직원채용 공고 기간제,현실형,
593,기장군도시관리공단 2023년도 제4회 기간제근로자 공개채용,진취형,
594,2023년 신입직원 채용공고,현실형,
595,기장군 교통행정과 기간제근로자불법 주정차 단속전담 채용,현실형,
596,2023년 상반기 자전거종합서비스센터 인력 채용 공고 의뢰,현실형,
597,재단법인부산정보산업진흥원 전문계약직 채용공고,현실형,
598,해양환경공단 개방형 직위 채용공고,현실형,
599,2023년 마을지기사무소 기간제근로자 채용 공고,관습형,
600,2023년 산림병해충예찰방제단 및 산림관리 등 기간제근로자 채용 공고,진취형,
601,2023년 마을지기사무소 기간제근로자 채용 공고,관습형,
602,동네체육시설관리 기간제근로자 채용 공고,진취형,
603,2023년 좌광천변 종합관리 기간제근로자 추가채용,진취형,
604,2023년 온천천관리 기간제근로자 채용 공고,진취형,
605,동래구 자원봉사센터 유급실무자 채용 재공고,사회형,
606,부산소방본부 구급상담요원기간제노동자 채용 공고,현실형,
607,2023년 코로나19 대응 재택치료 기간제근로자 채용 공고,사회형,
608,2023년 만덕도서관 기간제근로자 채용공고,현실형,
609,동래구 국민체육센터 기간제근로자헬스지도자 채용 공고,현실형,
610,2023년 옥외광고물도로점용료 부과 대상 현지 전수조사 기간제 근로자 채용 공고,현실형,
611,LH 부산울산지역본부 기간제근로자 채용공고,현실형,
612,부산광역시 남구 시간선택제임기제공무원건강생활지원센터 간호사 경력경쟁 임용시험 공고,사회형,
613,2023년 장애인복지일자리참여형사업 참여자 모집공고,현실형,
614,재공고 2022년 경로당행정지원단운영 참여자 모집,현실형,
615,재부산여성가족개발원 기간제근로자경력보유여성 일자리 창출 및 사회서비스 지원 사업 채용 공고,현실형,
616,금정구청 부설주차장 관리 기간제 근로자 채용공고,진취형,
617,정례회 기간제근로자속기사 채용 공고,현실형,
618,동래구국민체육센터 기간제근로자 채용 공고,현실형,
619,2022년 철마면 하반기 도로변 풀베기 기간제근로자 추가 채용 계획,현실형,
620,철마면 고촌안평마을복지회관 청사관리 및 프로그램 운영 기간제근로자 채용 공고,진취형,
621,기장군도시관리공단 2022년도 제17회 기간제근로자 공개채용 공고,진취형,
622,2022년 4차 연제형일자리사업 및 4단계 공공근로사업 참여자 모집 공고,현실형,
623,2022년 동래구 지역아동센터 파견 아동복지교사기간제근로자 추가 채용 공고,사회형,
624,기장군 환경통합관제센터 측정감시사무보조원 기간제근로자 채용 공고,관습형,
625,2022년 가을철 2023년 봄철 산불방지 기간제근로자 채용공고,현실형,
626,,,
627,2022년 영도구 기간제 아동복지교사전일근무 추가 채용 공고,현실형,
628,거제국민체육센터 시간강사필라테스 채용재공고,현실형,
629,남구빙상장 기간제근로자빙상지도자 채용공고,현실형,
630,부산광역시 동구 임기제 공무원 채용계획 공고데이터기반 정책기획,진취형,
631,한국남부발전주 2022년 하반기 채용형인턴 및 후생담당원조리원 및 전문경력직기술차장 채용공고,현실형,
632,,,
633,2022년 금정구보건소 금연지도원 모집 재공고,현실형,
634,편집 기간제근로자 채용 공고,현실형,
635,재부산국제교류재단 대체인력기간제근로자 채용 공고,사회형,
636,2022년 하반기 인재개발원 기간제 노동자식당근무채용 재공고,현실형,
637,부산진여성새로일하기센터 취업상담사 모집,현실형,
638,고령자인재은행 전담 직업상담사 채용공고,현실형,
639,남구빙상장 기간제근로자시설관리 채용공고,진취형,
640,2022년도 하반기 부산환경공단 신규직원공무직 채용 공고,현실형,
641,2022년도 정관노인복지관장안읍노인회관 평생교육프로그램 시간강사 채용 공고,현실형,
642,2022년 저류지 내 정비사업 기간제근로자 채용공고,현실형,
643,2022년 일광읍 하반기 주민자치 프로그램 강사채용 공고,현실형,
644,부산동부해바라기센터 신규 상담원 채용 공고,현실형,
645,부산광역시장애인체육회 장애인생활체육지도자 채용 공고,현실형,
646,부산관광공사 무기계약직운전원 공개경쟁채용 공고,현실형,
647,남구국민체육센터 프로그램 시간강사수영 안전요원,현실형,
648,2022년도 제2회 부산광역시 북구 임기제공무원 채용시험 재공고,현실형,
649,2022 동래구 아이돌보미 모집안내,현실형,
650,치매안심센터 간호사 및 사회복지사 시간선택제임기제공무원 채용 계획 공고,사회형,
651,스포원 육아휴직 대체 기간제근로자 채용 2차 재공고,현실형,
652,기장군 환경통합관제센터 환경감시 기간제근로자 채용공고,현실형,
653,2022년 지역사회건강조사 조사원 모집공고,현실형,
654,2022년 하반기 공중화장실 시설물 관리 및 청소 업무 기간제근로자 채용계획,진취형,
655,부산광역시 남구 교통유발부담금 부과대상 시설물 조사 기간제근로자 채용계획 공고,현실형,
656,재단법인 부산정보산업진흥원 사업계약직 채용공고,현실형,
657,재단법인 부산정보산업진흥원 일반계약직 채용공고,현실형,
658,채용,현실형,
659,사상도서관 기간제근로자 채용공고,현실형,
660,2022년 지역사회건강조사 조사원 모집 공고,현실형,
661,아시아태평양도시 관광진흥기구TPO 사무국 직원 채용,관습형,
662,영도구 시간선택제임기제공무원지방운전원 채용계획 공고,현실형,
663,부산예술회관 직원 채용공고시설 및 대관업무,예술형,
664,동래구 문화시설사업소 기간제근로자청소업무 채용 공고,현실형,
665,금정구청사 부설주차장 관리 기간제근로자 채용 공고,진취형,
666,22년 하반기 강서구 구인구직 개척단 채용 공고,현실형,
667,2022년도 하반기 망미도서관 청사관리 기간제근로자 채용 공고,진취형,
668,2022년도 하반기 지역공동체일자리사업 참여자 모집 공고,현실형,
669,2022년 제3단계 공공근로사업 참여자 모집 공고,현실형,
670,부산광역시 북구2022년 하반기 구인구직개척단북이 일자리 발굴단모집 공고,현실형,
671,재활용품선별장기간제근로자운전원 대체인력채용공고,현실형,
672,부산도시공사 기간제사원 모집공고,현실형,
673,2022년 교통유발부담금 기간제근로자 채용공고,현실형,
674,부산여성가족개발원 기간제근로자 채용 공고,현실형,
675,남구분포도서관 개관시간 연장사업 및 어린이자료실 이용시간 연장사업 기간제근로자 채용 공고,현실형,
676,여성긴급전화1366 부산센터 직원 채용 공고,현실형,
677,2022년 금정구보건소 여성어린이특화사업모자보건사업 기간제근로자 채용,현실형,
678,2022년 부산광역시 강서구 교통유발부담금 시설물조사 기간제근로자 채용 공고,현실형,
679,재공고 2022년 경로당행정지원단운영 참여자 모집,현실형,
680,재부산복지개발원 긴급돌봄 전담인력 및 육아휴직 대체인력 공개채용 공고,현실형,
681,우리동네 골목방역단수영동 기간제근로자 채용공고,현실형,
682,2022년 교통유발부담금 기간제근로자 채용 공고,현실형,
683,부산광역시체육시설관리사업소 강서체육공원 기간제 채용 공고,진취형,
684,2022년 부산시설공단 금강공원 참나무시들음병 예방 끈끈이롤트랩 설치를 위한 기간제근로자 채용,현실형,
685,부산광역시의회 시간선택제임기제공무원 임용시험 공고,현실형,
686,부산도시철도운영서비스주 경력사원 채용공고,현실형,
687,2022년 기장군 선진교통과 기간제근로자교통유발부담금 현장조사요원 채용 공고,현실형,
688,사하구도시정비과에서 불법광고물 정비 등 업무 보조를 위한 기간제근로자를 다음과 같이 모집,현실형,
689,부산광역시 영도구 청원경찰 채용시험 시행공고,현실형,
690,재부산창조경제혁신센터 직원 채용 공고,탐구형,
691,부산광역시장애인체육회 기간제근로자 채용 공고,현실형,
692,재연제구상권활성화재단 사무국 직원 채용 공고,관습형,
693,2022년 계량기 정기검사 전수조사원 채용공고,현실형,
694,2022년 계량기 정기검사 전수조사원 채용공고,현실형,
695,닭고기 가공업체 택배포장 단순생산직 직원 모집 포장검사 농수산물 가공식품 제조,현실형,
696,초보가능 조문객 서빙도우미 상례사 웨딩플래너 모집 투잡 부업 서빙포장 상조웨딩연회,현실형,
697,박해윤통영해물밥상 동래점 주방 찬 담당자 광안점 주방홀서빙 정직및 파트 남여 주방주방보조설거지 서빙포장 요리서빙 기타,현실형,
698,신라농원 숯불장치 직원 모집합니다 요리서빙 기타,현실형,
699,오바사 본봉사 삼봉사 완성공 시다공 모집 섬유재단미싱 생산제조조립인쇄,사회형,
700,부산브이호텔 청소 주간 카운터 직원 구합니다 모텔호텔숙박 청소미화방역,현실형,
701,마린시티 샤브만찬에서 신규오픈 직원을 모집합니다 주방 1명홀 1명 모집 주방주방보조설거지 서빙포장,현실형,
702,강화유리 자동재단기사 생산현장직초보유리재단기사경력 생산제조조립인쇄 포장검사 건설토목 기타,현실형,
703,하방맨2기모집활발하고 적극적이신 분 지원하세요바퀴벌레퇴치 전문영업팀 모집당일지급 서비스 기타 청소미화방역,진취형,
704,숲사랑어린이집 어린이집 조리사 구인 공고 어린이집 조리사,현실형,
705,아쿠아셀 환경기계설비 연구개발 및 공사 프로젝트 매니저 업무 수행,현실형,
706,웰니스병원 기타보건의료종사원 구인 공고 기타 보건의료 종사원 의료기구 및 병실 베드 관리 환자 이동 및 보조,진취형,
707,수요양병원 조리사 구인 공고 조리사,현실형,
708,효성프라요양병원 간호조무사 구인 공고 간호조무사,현실형,
709,진흥산업 변압기 용접원 구인 공고 변압기 내 외부 용접,현실형,
710,수변최고 해운대점 조리사 구인 공고 조리사 유관경력 우대,현실형,
711,수변최고 미포점 조리사 구인 공고 조리사 유관경력 우대,현실형,
712,수변최고 롯데점 조리사 구인 공고 조리사 유관경력 우대,현실형,
713,금수복국 롯데점 조리사 구인 공고 조리사 유관경력 우대,현실형,
714,수변최고돼지국밥 송정점 조리사 구인 공고 조리사 유관경력 우대,현실형,
715,택시운전원,현실형,
716,한국보상원 사무원 구인 공고 사무원 손실 보상 및 협의 사무 보조,관습형,
717,쁘띠쁘아유치원 유치원 조리사 구인 공고 어린이집 조리사,현실형,
718,드림나라병원 기타 보건 의료 종사원 공고 기타 보건 의료 종사원 환자 이송 및 관리 병실 관리 등,진취형,
719,도시농사꾼 농업회사법인 버섯 재배 및 물류관리 구인 공고 용호별빛공원 내 버섯재배 및 물류관리,진취형,
720,에프지인더스트리 선박설계사 구인 공고 선박설계 10년 이상 경력필수 영어회화 가능자비즈니스 회화 능통자 대우조선한진중공업 출신 우대,현실형,
721,제과제빵 음료제조사 조리사 근면 성실하고 오래 근무 가능한 사람 우대,현실형,
722,수변최고돼지국밥 조리사 구인 공고 조리사 유관경력 우대,현실형,
723,수변최고돼지국밥 센텀점 조리사 구인 공고 조리사 유관경력 우대,현실형,
724,금수복국 온천점 조리사 구인 공고 조리사 유관경력 우대,현실형,
725,금수복국 센텀벡스코점 조리사 구인 공고 조리사 유관경력 우대,현실형,
726,금수복국 동래점 조리사 구인 공고 조리사 유관경력 우대,현실형,
727,우진피엠이 CNCMCT사상연마 기술직 구인 공고,현실형,
728,해뜨는어린이집 어린이집 조리사 구인 공고 어린이집 조리사,현실형,
729,꿈드림키즈 보육보조교사 구인 공고 어린이집 보육보조 교사,사회형,
730,시설특수관리 빌딩전기관리 호텔 시설물 유지보수 등 경력자 우대 중식제공,현실형,
731,동창주조창 주조원 주조원 조형 조형중자 및 합형 생산 작업,현실형,
732,하운드호텔 부산역점 호텔조리사 구인 공고 호텔 조리사 유관경력 또는 한식양식 자격증 소지자 우대 조식 직원식 런치 조리,현실형,
733,기장남창 인근3등급 할아버지 재가요양보호사 모집 방문 복지서비스 제공업 요양보호사필수,현실형,
734,아파트 경비원 모집 인력 공급업 관계없음,현실형,
735,아파트 경비원 모집 인력 공급업 관계없음,현실형,
736,센텀한보미도 아파트 경비원 채용 경비 및 경호 서비스업 관계없음,현실형,
737,롯데캐슬1단지 아파트 미화원 채용 경비 및 경호 서비스업 관계없음,현실형,
738,재가 요양보호사 모집 노인 요양 복지시설 운영업 요양보호사필수,진취형,
739,재가 요양보호사 모집 노인 요양 복지시설 운영업 요양보호사필수,진취형,
740,재가요양보호사 채용 방문 복지서비스 제공업 요양보호사필수,현실형,
741,재가요양보호사 모집 방문 복지서비스 제공업 요양보호사필수,현실형,
742,케어신재가노인복지센터 요양보호사 모집 장안 그 외 기타 비거주 복지 서비스업 관계없음,현실형,
743,재가요양보호사 모집 정관 방문 복지서비스 제공업 요양보호사필수,현실형,
744,장애인활동지원사 모십니다 그 외 기타 비거주 복지 서비스업 관계없음,현실형,
745,재가요양보호사 선생님을 모집 방문 복지서비스 제공업 요양보호사필수,현실형,
746,시설 요양보호사 모집 노인 요양 복지시설 운영업 요양보호사필수,진취형,
747,재가요양보호사 모집정관 방문 복지서비스 제공업 요양보호사필수,현실형,
748,재가요양보호사 채용 방문 복지서비스 제공업 요양보호사1급필수,현실형,
749,농심호텔 기물 세척 직원 모집 건축물 일반 청소업 관계없음,현실형,
750,요양보호사급구 그 외 기타 비거주 복지 서비스업 요양보호사1급필수,현실형,
751,재가요양보호사 모집 노인 요양 복지시설 운영업 요양보호사필수,진취형,
752,재가요양보호사 모집 치매교육이수 필수 사회복지 상담서비스 제공업 요양보호사1급필수 기타 치매교육이수 필수,현실형,
753,방문목욕 운전가능한 요양보호사1명 목욕보조 요양보호사1명 기타 사회서비스 관리 행정 요양보호사필수,진취형,
754,아파트 청소원 모집 사업시설 유지관리 서비스업 관계없음,진취형,
755,주간보호센터 시설요양보호사 모집 개인 간병 및 유사 서비스업 요양보호사필수 자동차운전면허2종보통필수,현실형,
756,광안쌍용예가디오션 아파트 미화원 모집 경비 및 경호 서비스업 관계없음,현실형,
757,일광 동부산쏠마레아파트 미화원 모집 주거용 부동산 관리업 관계없음,진취형,
758,강서구청인근 과일가공 단순업무자 채용 과실 및 그 외 채소 절임식품 제조업 관계없음,현실형,
759,4등급 여자 어르신 요양보호사 모십니다 노인 요양 복지시설 운영업 요양보호사필수,진취형,
760,남구 용호동 요양보호사님을 모집합니다 방문 복지서비스 제공업 요양보호사1급필수,현실형,
761,재가 요양보호사 모집 개인 간병 및 유사 서비스업 요양보호사1급필수,현실형,
762,재가요양보호사 모집 노인 요양 복지시설 운영업 요양보호사필수,진취형,
763,감전동 제조공장 내 현장 청소 상용 인력 공급 및 인사관리 서비스업 관계없음,진취형,
764,긴급돌봄 방문요양보호사 모집반여동 방문 복지서비스 제공업 요양보호사필수,현실형,
765,단체급식병원 조리원 채용합니다 온천장 소재 기관 구내식당업 관계없음,현실형,
766,재가 요양보호사 구합니다 방문 복지서비스 제공업 요양보호사필수,현실형,
767,재가요양보호사채용 노인 요양 복지시설 운영업 요양보호사필수,진취형,
768,소아청소년과병원 청소원 모집 경총중장년내일센터 채용대행 건축물 일반 청소업 관계없음,현실형,
769,요양보호사님 모십니다 그 외 기타 비거주 복지 서비스업 요양보호사필수,현실형,
770,부전동 미화반장 모집 건축물 일반 청소업 관계없음,현실형,
771,원무팀 야간경비업무 채용 공중 보건 의료업 자동차운전면허1종보통필수 기타 경비원교육이수증필수,현실형,
772,재가요양보호사 구인 그 외 기타 비거주 복지 서비스업 요양보호사필수,현실형,
773,도배풀 생산직 모집 접착제 및 젤라틴 제조업 자동차운전면허1종보통필수,현실형,
774,미화 청소 채용 공중 보건 의료업 관계없음,현실형,
775,신세대지큐빌아파트 미화원 모집 임시 및 일용 인력 공급업 관계없음,현실형,
776,재가 요양보호사 채용 방문 복지서비스 제공업 요양보호사필수,현실형,
777,채용대행 좌동 KCC스위첸 아파트 미화원 경비 및 경호 서비스업 관계없음,현실형,
778,4등급 여자 독거어르신 그 외 기타 비거주 복지 서비스업 요양보호사필수,현실형,
779,재가요양보호사 모집 노인 요양 복지시설 운영업 요양보호사필수,진취형,
780,재가 요양보호사 채용 방문 복지서비스 제공업 요양보호사필수,현실형,
781,채용대행 명지 극동스타클래스 아파트 미화원 모집 경비 및 경호 서비스업 관계없음,현실형,
782,재가요양보호사 구인 개인 간병 및 유사 서비스업 요양보호사필수,현실형,
783,개금동 요양보호사 모집합니다 방문 복지서비스 제공업 요양보호사필수,현실형,
784,일신주간보호센터 재가요양보호사 모집정관 노인 요양 복지시설 운영업 요양보호사필수 기타 치매교육이수증,진취형,
785,재가요양보호사 구인 사회복지 상담서비스 제공업 요양보호사1급필수,현실형,
786,재가요양보호사 채용 그 외 기타 보건업 요양보호사필수,현실형,
787,재가요양보호사 모집 방문 복지서비스 제공업 요양보호사필수,현실형,
788,자유시장 환경미화원 채용 A조오전6시00분 출근 오후4시00분 퇴근 B조오전8시00분 출근 오후6시00분 퇴근 순환근무 협회 및 단체 관계없음,현실형,
789,재가요양보호사 모집 노인 요양 복지시설 운영업 요양보호사필수,진취형,
790,삼한힐파크 아파트 미화원 채용 경비 및 경호 서비스업 관계없음,현실형,
791,요양보호사님을 모집합니다 노인 요양 복지시설 운영업 요양보호사필수,진취형,
792,재가요양보호사 모집 그 외 기타 거주 복지시설 운영업 요양보호사필수,진취형,
793,주간보호센터 시설요양보호사 채용 그 외 기타 비거주 복지 서비스업 요양보호사1급필수 자동차운전면허1종보통필수,현실형,
794,범천동 재가요양보호사 노인 요양 복지시설 운영업 요양보호사1급필수,진취형,
795,재가요양보호사 모집 방문 복지서비스 제공업 요양보호사필수,현실형,
796,재가요양보호사 채용 노인 요양 복지시설 운영업 요양보호사필수,진취형,
797,재가요양보호사 모집 방문 복지서비스 제공업 요양보호사필수,현실형,
798,재가요양보호사 선생님 모집합니다 방문 복지서비스 제공업 요양보호사1급필수,현실형,
799,재가요양보호사님 모십니다 방문 복지서비스 제공업 요양보호사필수,현실형,
800,요양보호사님 모십니다 방문 복지서비스 제공업 요양보호사필수,현실형,
801,재가요양보호사 모집 보건업 요양보호사필수,현실형,
802,재가 요양보호사 모집 그 외 기타 거주 복지시설 운영업 요양보호사필수,진취형,
803,요양보호사 채용 그 외 기타 보건업 요양보호사필수,현실형,
804,재가요양보호사 모집 정관 그 외 기타 비거주 복지 서비스업 요양보호사필수,현실형,
805,4등급 여자어르신오전독거 재가요양보호사채용 방문 복지서비스 제공업 요양보호사필수,현실형,
806,요양보호사 모집 노인 요양 복지시설 운영업 요양보호사1급필수,진취형,
807,5등급 80대 독거 할아버지 912시 주 3일 치매교육 이수 필수 재가요양보호사 모집 사회복지 서비스업 요양보호사필수,현실형,
808,남구 용호동 요양보호사치매님을 모집합니다 기타 비거주 복지 서비스업 요양보호사필수,현실형,
809,요양보호사 모집 방문 복지서비스 제공업 요양보호사1급필수,현실형,
810,재가요양보호사 모집 그 외 기타 비거주 복지 서비스업 요양보호사필수,현실형,
811,재가요양보호사 채용 방문 복지서비스 제공업 요양보호사필수,현실형,
812,재가요양보호사 모집 개인 간병 및 유사 서비스업 요양보호사필수,현실형,
813,신호동 아파트 청소원 채용 온라인 활용 마케팅 및 관련 사업지원 서비스업 관계없음,현실형,
814,린넨실 세탁물 관리원 모집합니다 사업지원 서비스업 관계없음,진취형,
815,미화원 모집 사업지원 서비스업 관계없음,현실형,
816,극동정림 아파트 관리원 채용기사보조 기타 개인 서비스업 관계없음,진취형,
817,재가요양보호사 모집 정관 그 외 기타 비거주 복지 서비스업 요양보호사필수,현실형,
818,사랑의 요양병원 미화원 구인 건물ㆍ산업설비 청소 및 방제 서비스업 관계없음,현실형,
819,재가요양보호사 모집 사회복지 서비스업 요양보호사필수,현실형,
820,4등급 여자 어르신 재가요양보호사 구함 보건업 요양보호사필수,현실형,
821,요양보호사 선생님을 모십니다 방문 복지서비스 제공업 요양보호사필수 기타 치매교육이수증,현실형,
822,재가요양보호사 모십니다 방문 복지서비스 제공업 요양보호사필수,현실형,
823,재가요양보호사 모집 보건업 요양보호사필수,현실형,
824,요양보호사 모집 보건 및 복지 행정 요양보호사필수,현실형,
825,재가요양보호사 모십니다 개인 간병 및 유사 서비스업 요양보호사필수 기타 건강검진,현실형,
826,메디칼건물 건물 주차관리인 채용합니다 주3일 경비 및 경호 서비스업 관계없음,진취형,
827,장애인활동지원사 모십니다 그 외 기타 비거주 복지 서비스업 관계없음,현실형,
828,재가요양보호사 구인 노인 요양 복지시설 운영업 요양보호사필수,진취형,
829,재가요양보호사 모집 방문 복지서비스 제공업 요양보호사필수,현실형,
830,재가방문요양보호사 모집일광 방문 복지서비스 제공업 요양보호사필수,현실형,
831,재가요양보호사 구인 방문 복지서비스 제공업 요양보호사필수,현실형,
832,4등급 여자 어르신 요양보호사 모십니다 노인 요양 복지시설 운영업 요양보호사필수,진취형,
833,재가 요양보호사 모집 그 외 기타 비거주 복지 서비스업 요양보호사필수,현실형,
834,부부케어 해주실 요양보호사 모십니다 개인 간병 및 유사 서비스업 요양보호사필수,현실형,
835,재가요양보호사 모집 보건업 요양보호사필수,현실형,
836,재가요양보호사 모집 사회복지 서비스업 요양보호사필수,현실형,
837,수정동 재가요양보호사 채용 방문 복지서비스 제공업 요양보호사필수,현실형,
838,단순수산물가공 및 포장생산직구인 도매 및 상품 중개업 관계없음,현실형,
839,요양보호사 선생님을 모십니다 방문 복지서비스 제공업 요양보호사필수,현실형,
840,해운대새일센터 채용대행정관 두산위브더테라스 미화원 구인 경비 및 경호 서비스업 관계없음,현실형,
841,재가요양보호사 모집 개인 간병 및 유사 서비스업 요양보호사필수,현실형,
842,재가요양보호사 모집 보건업 요양보호사필수,현실형,
843,재가요양보호사 모집 방문 복지서비스 제공업 요양보호사필수,현실형,
844,재가요양보호사 구인 노인 요양 복지시설 운영업 요양보호사필수,진취형,
845,재가요양보호사 채용 4등급 할머니독거 그 외 기타 보건업 요양보호사필수,현실형,
846,현대요양병원 조리사 및 조리원 구인 요양 병원 한식조리기능사우대,현실형,
847,엑소디움 재가요양보호사 구인 노인 요양 복지시설 운영업 요양보호사1급필수,진취형,
848,3등급 여자어르신 돌봄 방문 복지서비스 제공업 요양보호사필수,현실형,
849,해운대부민병원 조리원 모집 종합 병원 관계없음,현실형,
850,숯불장치원 모집 한식 육류요리 전문점 관계없음,현실형,
851,재가요양보호사 모집 노인 요양 복지시설 운영업 요양보호사필수,진취형,
852,아파트 경비원 채용 경비 및 경호 서비스업 관계없음,현실형,
853,동남권원자력의학원 미화원 채용 건축물 일반 청소업 관계없음,현실형,
854,재가 요양보호사 구인 방문 복지서비스 제공업 요양보호사우대,현실형,
855,조리 조보원 모집 출장 음식 서비스업 관계없음,현실형,
856,재가요양보호사 모집 노인 요양 복지시설 운영업 요양보호사1급필수,진취형,
857,청소원 사업시설 유지관리 서비스업 관계없음,진취형,
858,정관 이지더원 2차아파트 경비원 채용 사업시설 유지관리 서비스업 관계없음,진취형,
859,재가요양보호사 모집좌동 방문 복지서비스 제공업 요양보호사필수,현실형,
860,재가요양보호사 모십니다 사회복지 상담서비스 제공업 요양보호사필수 기타 치매교육이수증 필수,현실형,
861,2024년 하반기 지역공동체일자리 참여자 추가모집공고,현실형,
862,2024년 해수욕장 폐장 후 안전관리 기간제근로자 채용 공고,진취형,
863,2024년도 가축전염병 선제대응 기간제근로자 채용,현실형,
864,부산광역시농업기술센터 기간제노동자 채용 공고 지역특화농업기술정보화인력지원,현실형,
865,부산광역시 동래구 시간선택제임기제공무원불법 광고물 단속 정비 채용 계획 재공고,현실형,
866,부산광역시의료원 행정처장 공개 모집,현실형,
867,2024년 기장군 토지정보과 기간제근로자 채용,현실형,
868,기장군의회 기간제근로자민원응대 및 사무보조 채용,관습형,
869,영도구 시간선택제임기제공무원 채용계획 공고,현실형,
870,2024년 연제구 마을건강센터 기간제근로자마을간호사 채용 공고,사회형,
871,2024년 정관노인복지관 프로그램 강사 신규채용,현실형,
872,해운대구 통합사례관리사 공개채용공고,진취형,
873,2024년 하반기 병리검사실 기간제 근로자임상병리사 채용 공고,현실형,
874,2024년 제2차 영도해녀문화전시관 기간제근로자 채용 공고,현실형,
875,2024년 하반기 연안친수시설관리 기간제근로자 채용 공고,진취형,
876,2024년 국가결핵관리사업 기간제 근로자 채용 공고,진취형,
877,2024년 부설주차장 현장점검 기간제 근로자 채용 공고,현실형,
878,남구 CCTV 통합관제센터관제요원기간제 근로자 채용,현실형,
879,정관보건지소 민원실 기간제 근로자 채용,현실형,
880,2024년 제4단계 공공근로사업참여자 모집 공고,현실형,
881,2024년 하반기 기간제근로자속기 채용공고,현실형,
882,일반임기제무대조명 분야 공업일반전기8급 채용 공고,현실형,
883,재부산연구원 비상임연구원 채용 공고,현실형,
884,2024년 하반기 연제문화체육공원 및 연산동 고분군 관리 기간제근로자 채용 공고,진취형,
885,부산진여성새로일하기센터 취업상담사 모집,현실형,
886,2024년도 기장군도시관리공단 노인맞춤돌봄서비스분관 생활지원사 추가채용,진취형,
887,2024년 9월 영도 마리노 오토캠핑장 기간제근로자 채용 공고,현실형,
888,2024년 하반기 연제문화체육공원 및 연산동 고분군 관리 기간제근로자 채용 공고,진취형,
889,의료급여 업무보조 기간제근로자 채용 공고,현실형,
890,의료급여관리사 기간제근로자 채용 공고연장,진취형,
891,영도구보건소 예방접종실 기간제근로자 채용 공고,현실형,
892,2024년 부동거래신고 업무보조 기간제근로자 채용 공고,현실형,
893,2024년 하반기 동래스파시티노천족욕탕 기간제근로자 채용,현실형,
894,2024년 부산광역시 열린행사장 컨텐츠 운영 관리 기간제노동자 채용 공고,진취형,
895,목조문화재 감시순찰 기간제근로자 채용,현실형,
896,2024년 교통유발부담금 기간제근로자전산입력보조 재채용 공고,현실형,
