id,combined,label,label2
1,"소독회사 같이 키워갈 하방맨3기를 모집합니다.일 12만이상 수당지급 / 서비스 기타, 청소·미화·방역",,
2,"구내식당 조리사,조리원 종일근무/ 조리업무가능자 모집합니다. / 주방·주방보조·설거지, 주방장·조리사",,
3,"국밥집 야간 주방 파트1명 주3~4일근무 급여및 조건 면접시결정 주례 냉정역4번출구 / 주방·주방보조·설거지, 서빙·포장",,
4,동원홈푸드 단체급식 조리보조원구함 / 주방·주방보조·설거지,,
5,"하방맨3기모집.하나방역 본사에서 영업에 자신 있어신 분을 모집합니다.수당지급 / 서비스 기타, 청소·미화·방역",,
6,"소독회사 같이 키워갈 하방맨3기를 모집합니다.일 12만이상 수당지급.선착순5명 / 서비스 기타, 청소·미화·방역",,
7,"아파트 복합시설 공장 지중관로 케이블포설업무 신입, 경력직모집 / 건설현장, 전기·조명·시설관리",,
8,"병원 주차원 모집 운전능숙한자 (외제차포함/조식,중식제공) / 주차관리·주차도우미",,
9,"요양병원 간병인구해요 7~18,18~7시 교대근무 월9회휴무 / 요양·간병·돌봄, 요양·간호·의료 기타",,
10,"T셔츠 전문업체 본봉사, 특종 구함 / 섬유·재단·미싱",,
11,"병원 단체급식 주방 조리보조 및 배식 담당 조리원 구인 / 주방·주방보조·설거지, 서빙·포장",,
12,"신입200만원/교육비150만원/면접선물/경력우대 / 인바운드·CS, 아웃바운드·TM, 금융·보험·카드",,
13,"신입200만원/교육비150만원/면접선물/재택가능 / 인바운드·CS, 아웃바운드·TM, 금융·보험·카드",,
14,"오픈 1기] 콜센터신입200만원/교육비150만/면접선물 / 인바운드·CS, 아웃바운드·TM, 금융·보험·카드",,
15,"간단한 서빙,셋팅,정리 하실분 모집(일15만원이상)-중장년 주부가능 / 서빙·포장, 청소·미화·방역, 상조·웨딩·연회",,
16,"경력 1도 없어도 가능 / 유통·판매 기타, 사무·기획·관리·홍보, 인바운드·CS",,
17,"(10-3시파트재택가능) 교육비150신입200만경력400만보장면접선물 / 인바운드·CS, 아웃바운드·TM, 금융·보험·카드",,
18,"10-2시2-6시] 재택가능교육비150만신입200만/경력업적무관400만 / 인바운드·CS, 아웃바운드·TM, 금융·보험·카드",,
19,"상담  교육비150 / 신입200만 / 경력전직소득보장 / 인바운드·CS, 아웃바운드·TM, 금융·보험·카드",,
20,"인바운드·CS, 아웃바운드·TM, 금융·보험·카드",,
21,"4시간 상담직 교육비150만/신입200만/경력전소득보장 / 인바운드·CS, 아웃바운드·TM, 금융·보험·카드, 일반·기술영업",,
22,"바리스타(220만원+인센) / 베이커리 정직원 및 보조 / 주방·주방보조·설거지, 요리·서빙 기타, 유통·판매 기타",,
23,"롯데백화점 광복점 모시모시에서 홀서빙정직원 구합니다. / 요리·서빙 기타, 백화점·아울렛·쇼핑몰, 서빙·포장",,
24,"(급구) 부산북구만덕 삼소통나무집에서 주방보조 주중주말 구합니다. / 요리·서빙 기타, 서빙·포장, 주방·주방보조·설거지",,
25,"종합 분식점 오후 판매 홀서빙 1명 직원 모십니다. / 요리·서빙 기타, 서빙·포장, 주방장·조리사",,
26,"한솥도시락 반여점 (토,일) 오후 아르바이트 구합니다 / 요리·서빙 기타",,
27,영도 동삼동 토.일 직원 모집 (백채 김치찌개) / 요리·서빙 기타,,
28,"금토일 18시-21시반 / 주말 12시-15시 서빙 모집. 해운대 장산역 / 요리·서빙 기타, 서빙·포장",,
29,"남산정요양병원 조리사, 조리원 정규직 구함 월9~10회휴무/연차별도/ 조리사자격증소지자 / 주방장·조리사, 주방·주방보조·설거지",,
30,"더파티 전지점 아르바이트 채용 / 요리·서빙 기타, 주차관리·주차도우미, 청소·미화·방역",,
31,"함께 할 하방맨2기 모집.하나방역 본사에서 영업에 자신 있어신 분을 모집합니다.당일지급 / 서비스 기타, 청소·미화·방역",,
32,꼬마김밥집에서 일하실분 구합니다 / 요리·서빙 기타,,
33,"야간홀서빙직원구함 / 요리·서빙 기타, 서빙·포장",,
34,"홀서빙 파트타임 구합니다 / 요리·서빙 기타, 서빙·포장",,
35,"서빙 구합니다 / 요리·서빙 기타, 서빙·포장",,
36,"쭈꾸미 전문점 주방 정직원 모집합니다 / 주방장·조리사, 주방·주방보조·설거지, 요리·서빙 기타",,
37,함경면옥 동래본점 홀 서빙 평일 파트타임 구합니다. / 요리·서빙 기타,,
38,"주6일 라멘/돈까스 정직원 구인 / 요리·서빙 기타, 주방장·조리사, 주방·주방보조·설거지",,
39,"경력(2년~3년이상) 모텔 카운터 대타 실장 구합니다. / 서비스 기타, 모텔·호텔·숙박",,
40,"가족처럼 따뜻하고 재밌게 일할 직원구합니다(홀서빙) 일요일 휴무 / 요리·서빙 기타, 서빙·포장",,
41,(단기) 송도 암남동 유료주차장 직원 채용합니다. / 주차관리·주차도우미,,
42,"부산 전지역 요양병원 간병사 모집합니다. 12시간, 24시간, 48시간 구함. 성별 무관 / 요양·간병·돌봄",,
43,"주례 장원갈비 종일반 정직원 모집합니다 / 요리·서빙 기타, 서빙·포장",,
44,"홍콩반점 영도 (주방) 10시~21시30 급여280 수습1개월 / 요리·서빙 기타, 주방장·조리사, 주방·주방보조·설거지",,
45,평일오후.오전반 직원분 구합니다 / 편의점,,
46,태종대 조개구이촌 올레에서 이모 모집합니다. / 요리·서빙 기타,,
47,"GS25 사하구평점 수, 목, 금 (저녁~밤) 근무자 모십니다 / 편의점",,
48,"부산대 중국집 주방보조 모집합니다 / 요리·서빙 기타, 주방장·조리사, 주방·주방보조·설거지",,
49,전단지 아르바이트 경력자모집 / 서비스 기타,,
50,학원 하원 차량기사님 구합니다(스타렉스 12인승) / 승용차·대리운전,,
51,홀 파트타임 3시간 (홀서빙) / 요리·서빙 기타,,
52,"짚신매운갈비찜 광안점 주말 홀 서빙 구합니다 / 요리·서빙 기타, 유통·판매 기타, 주방·주방보조·설거지",,
53,홀서빙 직원 / 서빙·포장,,
54,아수라-(일월화)주방 / 요리·서빙 기타,,
55,"하방맨2기 선착순 5명 모집.소독회사 같이 키워갈 하방맨2기를 모집합니다.일 12만이상 당 / 서비스 기타, 청소·미화·방역",,
56,"(하단동) 식당 홀 서빙 직원 구합니다. (일/월 ) / 요리·서빙 기타, 서빙·포장",,
57,육림구공탄 주말 (금.토.일)주방보조1명 알바모집 / 요리·서빙 기타,,
58,"부산신항만 물류창고 단순노무 장기일용직모집 / 택배·물류, 건설현장, 배송·이사",,
59,"부암동 1번지마트 매장관리, 캐셔 모집 / 대형마트·유통점",,
60,"호텔 구내식당 조리사/세척 직원 모집 / 주방·주방보조·설거지, 주방장·조리사",,
61,"펍카페 마린비어 주방 직원, 알바] (초보가능)구함 / 요리·서빙 기타, 주방·주방보조·설거지",,
62,"주방실장 주방보조 모집합니다. 동일업종경력자우대 / 요리·서빙 기타, 주방장·조리사, 주방·주방보조·설거지",,
63,"범일동 카페 점심12시~3시(주4회) 아르바이트 구합니다 / 주방·주방보조·설거지, 주방장·조리사",,
64,"청소 직원 모집 합니다. (호텔,모텔) / 모텔·호텔·숙박, 서비스 기타",,
65,치과에서 일하실분 초보가능 / 간호조무사·간호사,,
66,영도 동삼동 목.금 홀써빙 모집 (백채 김치찌개) / 요리·서빙 기타,,
67,때깔 영도점에서 주방보조 직원모집합니다 / 요리·서빙 기타,,
68,"소독회사 같이 키워갈 하방맨2기를 모집합니다.일 12만이상.영업 자신 있으신 분 환영. / 서비스 기타, 청소·미화·방역",,
69,"당일지급.하나방역 본사에서 영업에 자신 있어신 분을 모집합니다. / 서비스 기타, 청소·미화·방역",,
70,"1일20만이상의전도우미 모집, 망설이는 초보/경력단절/퇴직자 환영 / 요리·서빙 기타, 상조·웨딩·연회, 서비스 기타",,
71,"경력없어도-간단한 서빙만 해주시면 됩니다(일비15만원가능) / 서빙·포장, 상조·웨딩·연회, 서비스 기타",,
72,"남녀 경력무관 서빙,세팅,고객응대 일급15만이상 식사제공 중장년가능 미성년X / 문화·여가·생활 기타, 서빙·포장, 상조·웨딩·연회",,
73,"남녀 경력무관 서빙,세팅,고객응대 일급15만이상 식사제공 중장년가능 미성년X / 문화·여가·생활 기타, 서빙·포장, 상조·웨딩·연회",,
74,"센.터.오.픈 상담원 / 콜센터 / 인바운드·CS, 아웃바운드·TM, 금융·보험·카드",,
75,"Tm. 리서치설문조사,아주쉬움,맛집조사,전화업무,월~금 주2일~주3일도 가능 / 서비스 기타, 사무·기획·관리·홍보",,
76,"Tm.스케줄러 모집, 기본급+인센티브 약속잡아주는 TM 누구나 정말쉬운업무 / 서비스 기타, 아웃바운드·TM, 상담·영업기타",,
77,식자재 배송 기사님  채용합니다 / 축산·청과·농수산,,
78,"씨케이글로벌(주)수산물 가공 직원OK4대보험가입연차,퇴직금,단기알바 가능 / 생산·제조·조립·인쇄, 포장·검사",,
79,"같이 할 하방맨2기 모집.일 12만이상 당일지급 / 서비스 기타, 청소·미화·방역",,
80,부산진구 범내골 위치 한식뷔페 홀 아르바이트 구합니다 / 요리·서빙 기타,,
81,"9-3시1-6시] 재택가능교육비150만신입200만/경력업적무관400만 / 인바운드·CS, 아웃바운드·TM, 금융·보험·카드",,
82,"교육비 200만/오토콜 쉬운상담 / 센터평균 500만 / 경력보장 / 인바운드·CS, 아웃바운드·TM, 금융·보험·카드",,
83,"교육비 200만/오토콜 쉬운상담 / 센터평균 500만 / 경력보장 / 인바운드·CS, 아웃바운드·TM, 금융·보험·카드",,
84,"12일~ 21일 앉아서 강의 듣는 알바하실분 모집합니다. / 인바운드·CS, 금융·보험·카드, 사무·기획·관리·홍보",,
85,야간에 광고물 부착하실 기사분 구해요 차량 소유자이신분 연락 주세용~~ / 서비스 기타,,
86,"바리스타(220만원+인센티브) / 베이커리(근무급여협의) / 주방·주방보조·설거지, 요리·서빙 기타, 유통·판매 기타",,
87,"청송골갈비 서빙 모집 / 시급 12,000원 / 금,토,일 / 주말 알바 / 요리·서빙 기타, 서빙·포장",,
88,"호텔 구내식당 조리사/세척 직원 모집 / 주방·주방보조·설거지, 주방장·조리사",,
89,"2024년 추석 명절 단기 스태프 모집 / 백화점·아울렛·쇼핑몰, 대형마트·유통점, 유통·판매 기타",,
90,주차발렛파킹 일을 성실하게 하실 분을 정규직으로 모집합니다. / 주차관리·주차도우미,,
91,"초보가능  신입 200만원 보장 / 인바운드·CS, 아웃바운드·TM, 금융·보험·카드",,
92,"소독회사 같이 키워갈 하방맨3기를 모집합니다.일 12만이상 당일지급.선착순5명 / 서비스 기타, 청소·미화·방역",,
93,"신입200만원/교육비150만원/면접선물/재택가능 / 인바운드·CS, 아웃바운드·TM, 금융·보험·카드",,
94,"롯데백화점 광복점모시모시에서 주방 초밥부 및 간데기정직원(경력자)구합니다 / 백화점·아울렛·쇼핑몰, 주방장·조리사, 주방·주방보조·설거지",,
95,주방 겸 홀 직원 구함 멀티근무 (알바가능) / 요리·서빙 기타,,
96,"(10-3시파트재택가능) 교육비150신입200만경력400만보장면접선물 / 인바운드·CS, 아웃바운드·TM, 금융·보험·카드",,
97,"교육비 200만/오토콜 쉬운상담 / 센터평균 500만 / 경력보장 / 인바운드·CS, 아웃바운드·TM, 금융·보험·카드",,
98,"1기 OPEN (오전.오후파트상담원) / 인바운드·CS, 아웃바운드·TM, 금융·보험·카드",,
99,환자를 케어하며 즐겁게 병원생활을 하실 분을 모십니다. / 요양·간병·돌봄,,
100,"청룡민물장어주식회사 정직원 모집 / 요리·서빙 기타, 서빙·포장, 주방·주방보조·설거지",,
101,"소독회사 같이 키워갈 하방맨3기를 모집합니다.일 12만이상 당일지급 / 서비스 기타, 청소·미화·방역",,
102,"경력 1도 없어도 가능 / 유통·판매 기타, 사무·기획·관리·홍보, 인바운드·CS",,
103,"세탁 직원 모집합니다 / 청소·미화·방역, 생산·제조·조립·인쇄, 건설·토목 기타",,
104,"하나방역 본사에서 영업에 자신 있어신 분을 모집합니다.당일지급 / 서비스 기타, 청소·미화·방역",,
105,"호텔 구내식당 조리사/세척 직원 모집 / 주방·주방보조·설거지, 주방장·조리사",,
106,"(단기) 송도 메리어트호텔에서 발렛파킹 남,여 직원 채용합니다. / 주차관리·주차도우미",,
107,급)센텀마트 일요일 카운터 구합니다 / 유통·판매 기타,,
108,"통영해물밥상(한식당) 주방 직원모집 ( 정직원 ) / 요리·서빙 기타, 주방·주방보조·설거지",,
109,"교육비 200만/오토콜 쉬운상담 / 센터평균 500만 / 경력보장 / 인바운드·CS, 아웃바운드·TM, 금융·보험·카드",,
110,"같이 할 하방맨2기 모집.일 12만이상 수당지급 / 서비스 기타, 청소·미화·방역",,
111,"1일20만이상의전도우미 모집, 망설이는 초보/경력단절/퇴직자 환영 / 요리·서빙 기타, 상조·웨딩·연회, 서비스 기타",,
112,"1일20만이상의전도우미 모집, 망설이는 초보/경력단절/퇴직자 환영 / 요리·서빙 기타, 상조·웨딩·연회, 서비스 기타",,
113,"롤링파스타 명지점 평일 주방 보조 알바 구해요 / 요리·서빙 기타, 서빙·포장, 주방·주방보조·설거지",,
114,"경력 1도 없어도 가능 / 유통·판매 기타, 사무·기획·관리·홍보, 인바운드·CS",,
115,"경력 1도 없어도 가능 / 유통·판매 기타, 사무·기획·관리·홍보, 인바운드·CS",,
116,"경력없어도-간단한 서빙만 해주시면 됩니다(일비15만원가능) / 서빙·포장, 상조·웨딩·연회, 서비스 기타",,
117,"경력없어도-간단한 서빙만 해주시면 됩니다(일비15만원가능) / 서빙·포장, 상조·웨딩·연회, 서비스 기타",,
118,"청소 직원 모집 합니다. (호텔,모텔) / 모텔·호텔·숙박, 청소·미화·방역, 서비스 기타",,
119,"장안나물밥 홀서빙 / 주방직원 모집합니다 / 서빙·포장, 주방장·조리사, 주방·주방보조·설거지",,
120,"호텔 구내식당 조리사/세척 직원 모집 / 주방·주방보조·설거지, 주방장·조리사",,
121,"남녀 경력무관 서빙,세팅,고객응대 일급15만이상 식사제공 중장년가능 미성년X / 문화·여가·생활 기타, 서빙·포장, 상조·웨딩·연회",,
122,"남녀 경력무관 서빙,세팅,고객응대 일급15만이상 식사제공 중장년가능 미성년X / 문화·여가·생활 기타, 서빙·포장, 상조·웨딩·연회",,
123,"웨스틴조선부산 호텔 세탁실 직원 모집 / (주)삼익 / 모텔·호텔·숙박, 서비스 기타",,
124,"오픈1기  교육비150만신입200만경력400만 / 인바운드·CS, 아웃바운드·TM, 금융·보험·카드",,
125,"9-3시1-6시] 재택가능교육비150만신입200만/경력업적무관400만 / 인바운드·CS, 아웃바운드·TM, 금융·보험·카드",,
126,컨테이너 수리 (신입사원 )모집 합니다. / 건설현장,,
127,숲사랑어린이집 / 어린이집 조리사 구인 공고 / 어린이집 조리사               ,,
128,아쿠아셀 / 환경기계설비 연구개발 및 공사 프로젝트 매니저 업무 수행,,
129,"웰니스병원 / 기타보건의료종사원 구인 공고 / 기타 보건의료 종사원 의료기구 및 병실 베드 관리, 환자 이동 및 보조 ",,
130,수요양병원 / 조리사 구인 공고 / 조리사,,
131,효성프라요양병원 / 간호조무사 구인 공고 / 간호조무사,,
132,진흥산업 / 변압기 용접원 구인 공고 /                                     변압기 내 외부 용접                                                   ,,
133,수변최고 해운대점 / 조리사 구인 공고 /                                     조리사 (유관경력 우대)                                                  ,,
134,수변최고 미포점 / 조리사 구인 공고 /                                     조리사 (유관경력 우대)                                                  ,,
135,수변최고 롯데점 / 조리사 구인 공고 /                                     조리사 (유관경력 우대)                                                  ,,
136,금수복국 롯데점 / 조리사 구인 공고 /                                     조리사 (유관경력 우대)                                                  ,,
137,수변최고돼지국밥 송정점 / 조리사 구인 공고 /                                     조리사 (유관경력 우대)                                                  ,,
138,                                                                                         택시운전원            ,,
139,"한국보상원 / 사무원 구인 공고 /                                     사무원 (손실 보상 및 협의, 사무 보조)                                                  ",,
140,쁘띠쁘아유치원 / 유치원 조리사 구인 공고 / 어린이집 조리사               ,,
141,"드림나라병원 / 기타 보건 의료 종사원 공고 / 기타 보건 의료 종사원                                                   환자 이송 및 관리, 병실 관리 등                                                 ",,
142,도시농사꾼 농업회사법인 / 버섯 재배 및 물류관리 구인 공고 /                                     용호별빛공원 내 버섯재배 및 물류관리                                                  ,,
143,"에프지인더스트리 / 선박설계사 구인 공고 /                                     선박설계 (10년 이상 경력필수)                                                                            영어회화 가능자(비즈니스 회화 능통자), 대우조선/한진중공업 출신 우대                                       ",,
144, 제과제빵 / 음료제조사 / 조리사                 근면 성실하고 오래 근무 가능한 사람 우대              ,,
145,수변최고돼지국밥 / 조리사 구인 공고 /                                     조리사 (유관경력 우대)                                                  ,,
146,수변최고돼지국밥 센텀점 / 조리사 구인 공고 /                                     조리사 (유관경력 우대)                                                  ,,
147,금수복국 온천점 / 조리사 구인 공고 /                                     조리사 (유관경력 우대)                                                  ,,
148,금수복국 센텀벡스코점 / 조리사 구인 공고 /                                     조리사 (유관경력 우대)                                                  ,,
149,금수복국 동래점 / 조리사 구인 공고 /                                     조리사 (유관경력 우대)                                                  ,,
150,"우진피엠이 / CNC,MCT,사상,연마 기술직 구인 공고",,
151,해뜨는어린이집 / 어린이집 조리사 구인 공고 / 어린이집 조리사               ,,
152,꿈드림키즈 / 보육보조교사 구인 공고 / 어린이집 보육보조 교사               ,,
153,"시설특수관리 (빌딩전기관리, 호텔 시설물 유지보수 등)                 경력자 우대, 중식제공                ",,
154,"동창주조창 / 주조원 / 주조원 (조형)                 조형,중자 및 합형 생산 작업                ",,
155,하운드호텔 부산역점 / 호텔조리사 구인 공고 / 호텔 조리사 (유관경력 또는 한식/양식 자격증 소지자 우대)              조식 & 직원식 & 런치 조리                 ,,
156,재가요양보호사 채용 / 방문 복지서비스 제공업 / 요양보호사(필수),,
157,재가요양보호사 모집 / 개인 간병 및 유사 서비스업 / 요양보호사(필수),,
158,<괴정동>재가요양보호사 모집 / 개인 간병 및 유사 서비스업 / 요양보호사(필수),,
159,SK텔레콤 안락사옥 미화직원 채용 / 비주거용 부동산 관리업 / 관계없음  ,,
160,재가요양보호사 모집(남부민동) / 방문 복지서비스 제공업 / 요양보호사(필수),,
161,브니엘예술고등학교 교육공무직원(조리원) 채용공고 / 일반 고등학교 / 관계없음  ,,
162,(채용대행) 명륜동 명륜자이 아파트 미화원 / 경비 및 경호 서비스업 / 관계없음  ,,
163,재가요양보호사 구인 / 사회복지 서비스업 / 요양보호사(필수),,
164,재가요양보호사 모집 / 방문 복지서비스 제공업 / 요양보호사(필수),,
165,재가요양보호사 채용합니다 / 방문 복지서비스 제공업 / 요양보호사(필수),,
166,재가요양보호사 채용 / 방문 복지서비스 제공업 / 요양보호사1급(필수),,
167,용호동 아파트 보안대원 채용 / 사업시설 유지․관리 서비스업 / 관계없음  ,,
168,"어르신 다정하게 보살펴 주실 요양보호사 구합니다. / 사회복지 서비스업 / 요양보호사(필수)
기타 : 치매교육이수증",,
169,재가요양보호사 구인 (긴급) / 방문 복지서비스 제공업 / 요양보호사(필수),,
170,(민락동)오전 재가요양보호사 모집 / 방문 복지서비스 제공업 / 요양보호사2급(필수),,
171,재가 요양보호사 모집(정관) / 노인 요양 복지시설 운영업 / 요양보호사(필수),,
172,재가 요양보호사 모집 / 그 외 기타 보건업 / 요양보호사(필수),,
173,요양보호사 모집 / 노인 요양 복지시설 운영업 / 요양보호사1급(필수),,
174,"재가요양보호사 모집 / 보건업 / 요양보호사(필수)
기타 : 치매교육이수증 필수",,
175,재가요양보호사 채용 (주5일 9시-12시) / 방문 복지서비스 제공업 / 요양보호사(필수),,
176,재가요양보호사 모집 / 방문 복지서비스 제공업 / 요양보호사(필수),,
177,자동차부품 생산직 사원 채용 / 기타 기계 및 장비 제조업 / 관계없음  ,,
178,재가요양보호사 모집(정관) / 노인 요양 복지시설 운영업 / 요양보호사(필수),,
179,재가요양보호사 모집 / 방문 복지서비스 제공업 / 요양보호사(필수),,
180,재가요양보호사 모집 / 사회복지 상담서비스 제공업 / 요양보호사(필수),,
181,(용호동)요양보호사님 / 방문 복지서비스 제공업 / 요양보호사(필수),,
182,어린이집 조리사 선생님 모십니다. / 보육시설 운영업 / 한식조리기능사(필수),,
183,개금동동 요양보호사 / 노인 요양 복지시설 운영업 / 관계없음  ,,
184,재가요양보호사 모집 / 보건 및 복지 행정 / 요양보호사(필수),,
185,장애인활동지원사 모집 / 방문 복지서비스 제공업 / 관계없음  ,,
186,재가요양보호사 모집(일광) / 방문 복지서비스 제공업 / 요양보호사(필수),,
187,재가요양보호사 모집 / 노인 요양 복지시설 운영업 / 요양보호사(필수),,
188,재가요양보호사 구인 / 방문 복지서비스 제공업 / 요양보호사(필수),,
189,3등급 할아버지/주6일/재가요양보호사 채용 / 노인 요양 복지시설 운영업 / 요양보호사(필수),,
190,조양아파트 미화원 모집 / 주거용 부동산 관리업 / 관계없음  ,,
191,재가요양보호사 모집(기장) / 방문 복지서비스 제공업 / 요양보호사(필수),,
192,족발 음식점에서 고기 써는 분 채용합니다. / 한식 음식점업 / 관계없음  ,,
193,족발 음식점 홀서빙 구인 / 한식 음식점업 / 관계없음  ,,
194,재가요양보호사 모집 / 방문 복지서비스 제공업 / 요양보호사(필수),,
195,아미동 (3등급 할아버지) 재가요양보호사 구인 / 노인 요양 복지시설 운영업 / 요양보호사(필수),,
196,재가요양보호사 모집 / 노인 요양 복지시설 운영업 / 요양보호사(필수),,
197,재가요양보호사 모집 / 방문 복지서비스 제공업 / 요양보호사(필수),,
198,W스퀘어 상가 미화원 (주간/야간) 채용 / 경비 및 경호 서비스업 / 관계없음  ,,
199,요양보호사 모집 / 방문 복지서비스 제공업 / 요양보호사1급(필수),,
200,남구 감만동 요양보호사님을 모집합니다. / 노인 양로 복지시설 운영업 / 요양보호사1급(필수),,
201,재가요양보호사 모집 / 사회복지 상담서비스 제공업 / 요양보호사(필수),,
202,재가요양보호사 모십니다 / 노인 요양 복지시설 운영업 / 관계없음  ,,
203,요양원 조리원 모집합니다 / 노인 요양 복지시설 운영업 / 한식조리기능사(우대),,
204,재가요양보호사 모집 / 노인 요양 복지시설 운영업 / 요양보호사(필수),,
205,재가요양보호사 모집 / 개인 간병 및 유사 서비스업 / 요양보호사(필수),,
206,재가요양보호사 구인 / 방문 복지서비스 제공업 / 요양보호사1급(필수),,
207,장애인활동지원사 모집입니다. / 방문 복지서비스 제공업 / 관계없음  ,,
208,재가요양보호사 모집(기장) / 노인 요양 복지시설 운영업 / 요양보호사1급(필수),,
209,사하구 다대동 재가 요양보호사 구인 (강서새일센터 채용대행) / 방문 복지서비스 제공업 / 요양보호사(필수),,
210,재가요양보호사 모집 / 사회복지 서비스업 / 요양보호사(필수),,
211,영도요양원 조리원 주방보조 업무 / 단시간 근무(3시간) / 노인 요양 복지시설 운영업 / 관계없음  ,,
212,재가요양보호사 모집 / 방문 복지서비스 제공업 / 요양보호사(필수),,
213,긴급돌봄 방문요양보호사 모집(송정) / 방문 복지서비스 제공업 / 요양보호사(필수),,
214,재가요양보호사 모집 / 방문 복지서비스 제공업 / 요양보호사2급(필수),,
215,재가요양보호사 모집 / 노인 요양 복지시설 운영업 / 요양보호사1급(필수),,
216,빌딩미화원 모집 (한화생명) / 사업시설 유지․관리 서비스업 / 관계없음  ,,
217,중구청 구내식당 조리 보조하실 분 모집합니다. / 출장 음식 서비스업 / 관계없음  ,,
218,요양보호사급구 / 그 외 기타 비거주 복지 서비스업 / 요양보호사1급(필수),,
219,재가요양보호사 모집 / 사회복지 서비스업 / 요양보호사(필수),,
220,재가요양보호사 채용 / 방문 복지서비스 제공업 / 요양보호사(필수),,
221,재가요양보호사 모집 / 노인 요양 복지시설 운영업 / 요양보호사(필수),,
222,개금동 요양보호사 / 노인 요양 복지시설 운영업 / 요양보호사(필수),,
223,더샵명지퍼스트월드 2단지 미화원 채용 / 경비 및 경호 서비스업 / 관계없음  ,,
224,재가요양보호사 모집 / 방문 복지서비스 제공업 / 요양보호사(필수),,
225,재가요양보호사 모집 / 기타 전문 서비스업 / 요양보호사(필수),,
226,재가요양보호사 모집 / 그 외 기타 거주 복지시설 운영업 / 요양보호사(필수),,
227,"자반공등어 가공업체 작업장근무자 구인 / 신선, 냉동 및 기타 수산물 도매업 / 관계없음  ",,
228,빌딩 미화원 모집 / 건축물 일반 청소업 / 관계없음  ,,
229,경비원 모집 / 건물 및 토목 엔지니어링 서비스업 / 관계없음  ,,
230,청소원 모집/격일제 / 기타 개인 서비스업 / 관계없음  ,,
231,재가요양보호사 모집 / 개인 간병 및 유사 서비스업 / 요양보호사(필수),,
232,요양병원 조리장 모집 / 식품 위생용 종이 상자 및 용기 제조업 / 관계없음  ,,
233,진구 당감동 요양보호사님을 모집합니다. / 그 외 기타 보건업 / 요양보호사1급(필수),,
234,(주)에이스플러스 서부주공아파트 미화원 모집(기장) / 경비 및 경호 서비스업 / 관계없음  ,,
235,재가요양보호사 모집 / 방문 복지서비스 제공업 / 요양보호사(필수),,
236,재가요양보호사 채용 / 방문 복지서비스 제공업 / 관계없음  ,,
237,(주)에이스플러스 전원그린B아파트 경비원 모집 / 경비 및 경호 서비스업 / 관계없음  ,,
238,재가요양보호사 모십니다 / 방문 복지서비스 제공업 / 요양보호사(필수),,
239,재가요양보호사 모집 / 사회복지 서비스업 / 요양보호사(필수),,
240,재가요양보호사 모집 *치매교육이수 필수* / 사회복지 서비스업 / 요양보호사(필수),,
241,가야동 요양보호사 / 사회복지 상담서비스 제공업 / 요양보호사(필수),,
242,와이즈파크 미화원 모십니다 / 건축물 일반 청소업 / 관계없음  ,,
243,재가요양보호사 채용 / 노인 요양 복지시설 운영업 / 요양보호사1급(필수),,
244,재가요양보호사 모집 / 방문 복지서비스 제공업 / 요양보호사(필수),,
245,재가요양보호사 채용 / 노인 요양 복지시설 운영업 / 요양보호사(필수),,
246,재가요양보호사 모집 / 노인 요양 복지시설 운영업 / 요양보호사(필수),,
247,재가요양보호사모집 / 그 외 기타 비거주 복지 서비스업 / 요양보호사1급(필수),,
248,미화원 / 사업시설 유지․관리 서비스업 / 관계없음  ,,
249,재가요양보호사 모집 / 보건 및 복지 행정 / 요양보호사(필수),,
250,"승강기 용접, 승강기 조립 모집(장안) / 승강기 제조업 / 관계없음  ",,
251,재가요양보호사 모집 / 방문 복지서비스 제공업 / 요양보호사(필수),,
252,5등급여자어르신/오전/재가요양보호사 채용 / 노인 요양 복지시설 운영업 / 요양보호사(필수),,
253,주3일/오전/4등급/여자어르신 요양보호사 채용 / 방문 복지서비스 제공업 / 요양보호사1급(필수),,
254,장림동 장애인활동지원사 구인 / 사회복지 상담서비스 제공업 / 관계없음  ,,
255,괴정동 대티로31 요양보호사 구인 / 노인 요양 복지시설 운영업 / 요양보호사(필수),,
256,효나눔 재가복지센터 요양보호사 모집 (기장) / 방문 복지서비스 제공업 / 요양보호사(필수),,
257,재가요양보호사 모십니다 / 사회복지 상담서비스 제공업 / 요양보호사(필수),,
258,수영구 광안동 요양보호사님을 모집합니다. / 노인 요양 복지시설 운영업 / 요양보호사1급(필수),,
259,치매이수 재가요양보호사 모집 / 사회복지 상담서비스 제공업 / 요양보호사(필수),,
260,요양보호사 선생님을 모십니다. / 방문 복지서비스 제공업 / 요양보호사(필수),,
261,"정화조 청소보조 업무 모집 / 하수, 폐수 및 분뇨 처리업 / 관계없음  ",,
262,재가요양보호사 모집 / 사회복지 상담서비스 제공업 / 요양보호사1급(필수),,
263,재가요양보호사 구인 / 방문 복지서비스 제공업 / 요양보호사1급(필수),,
264,3등급 재가요양보호사 모집 / 보건 및 복지 행정 / 요양보호사(필수),,
265,"재가요양보호사 (5등급, 주5일 오전 9~12시, 할머니) / 그 외 기타 보건업 / 요양보호사(필수)",,
266,다대푸른아파트 경비원 구인 / 인력 공급업 / 관계없음  ,,
267,세인요양병원 조리원 모집 / 공중 보건 의료업 / 관계없음  ,,
268,(남부민동) 오전 재가 요양보호사 모집 / 방문 복지서비스 제공업 / 요양보호사(필수),,
269,재가요양보호사 모집 / 노인 요양 복지시설 운영업 / 요양보호사(필수),,
270,재가요양보호사 모집 / 그 외 기타 비거주 복지 서비스업 / 요양보호사(필수),,
271,요양보호사 / 방문 복지서비스 제공업 / 관계없음  ,,
272,재가요양보호사 모집 / 방문 복지서비스 제공업 / 요양보호사(필수),,
273,재가요양보호사 모집 / 방문 복지서비스 제공업 / 요양보호사(필수),,
274,영도요양원 요양보호사 모집 (요양보호사 자격증 필수) / 노인 요양 복지시설 운영업 / 요양보호사(필수),,
275,4등급 재가요양보호사 모집 / 그 외 기타 비거주 복지 서비스업 / 요양보호사(필수),,
276,5등급 치매어르신 돌봄 / 방문 복지서비스 제공업 / 요양보호사(필수),,
277,애림요양원 위생원 모집 / 노인 요양 복지시설 운영업 / 관계없음  ,,
278,장애인활동보조인 모집 / 그 외 기타 비거주 복지 서비스업 / 관계없음  ,,
279,연제구 연산동 요양보호사님을 모집합니다. / 노인 요양 복지시설 운영업 / 요양보호사1급(필수),,
280,재가요양보호사 모집 / 방문 복지서비스 제공업 / 요양보호사(필수),,
281,재가요양보호사 모집 / 사회복지 상담서비스 제공업 / 요양보호사(필수),,
282,재가요양보호사 모집 / 방문 복지서비스 제공업 / 요양보호사(필수),,
283,1등급 재가요양보호사님을 모집합니다. / 노인 요양 복지시설 운영업 / 요양보호사(필수),,
284,요양병원 케어 매니저 모집 / 요양 병원 / 관계없음  ,,
285,한국과학영재학교 급식 보조(배식도우미) 채용합니다. / 교육 행정 / 관계없음  ,,
286,재가요양보호사 모집 / 방문 복지서비스 제공업 / 요양보호사(필수),,
287,"사내식당 주방 담당자 채용 / 수산동물 훈제, 조리 및 유사 조제식품 제조업 / 관계없음  ",,
288,재가요양보호사 모집 / 노인 요양 복지시설 운영업 / 요양보호사(필수),,
289,주5일 / 오전 / 재가요양보호사 구인 / 노인 요양 복지시설 운영업 / 요양보호사(필수),,
290,4등급 여어르신 케어/ 재가 요양보호사 채용 / 그 외 기타 보건업 / 요양보호사(필수),,
291,4등급여자어르신 /주5일/재가요양보호사 채용 / 그 외 기타 보건업 / 요양보호사(필수),,
292,재가 요양사 모집 / 개인 간병 및 유사 서비스업 / 요양보호사1급(필수),,
293,장애인활동보조인 모집 / 그 외 기타 비거주 복지 서비스업 / 관계없음  ,,
294,범천동 재가요양보호사 모집 / 방문 복지서비스 제공업 / 요양보호사(필수),,
295,해운대 대동타운 미화원 채용 / 경비 및 경호 서비스업 / 관계없음  ,,
296,요양보호사 모집 / 노인 요양 복지시설 운영업 / 요양보호사(필수),,
297,정형외과 조리원 모집 / 병원 / 관계없음  ,,
298,재가요양보호사 채용 / 사회복지 상담서비스 제공업 / 요양보호사1급(필수),,
299,남구 용호동 (LG메트로3차) 요양보호사님을 모집합니다. / 사회복지 상담서비스 제공업 / 요양보호사1급(필수),,
300,"재가요양보호사 모집 / 방문 복지서비스 제공업 / 요양보호사(필수)
기타 : ..",,
301,"모라동 재가요양보호사 모집 / 그 외 기타 비거주 복지 서비스업 / 요양보호사(필수)
기타 : 치매교육이수증",,
302,재가요양보호사 구인 / 그 외 기타 비거주 복지 서비스업 / 요양보호사(필수),,
303,노인 요양 복지시설 운영업 / 요양보호사1급(필수),,
304,4등급할머니/오전/주5일/재가 요양보호사 채용 / 사회복지 서비스업 / 요양보호사(필수),,
305,장애인활동지원사 모집 / 방문 복지서비스 제공업 / 기타 : 장애인활동 지원사 수료증,,
306,"물류 배송직원 및 보조원 모집 (정관) / 신선, 냉동 및 기타 수산물 도매업 / 자동차운전면허2종보통(필수)
기타 : 2종이상 수동 면허증",,
307,"주간보호센터 사회복지사 모집 / 개인 간병 및 유사 서비스업 / 사회복지사2급(필수) ,
자동차운전면허2종보통(필수)",,
308,재가요양보호사 모집 / 방문 복지서비스 제공업 / 요양보호사(필수),,
309,재가요양보호사 모집 / 방문 복지서비스 제공업 / 요양보호사1급(필수),,
310,요양보호사님 구합니다.(부전동) / 방문 복지서비스 제공업 / 요양보호사(필수),,
311,1등급 여자어르신 케어하실 요양보호사 모집 / 노인 요양 복지시설 운영업 / 요양보호사(필수),,
312,재가 요양보호사 채용 / 사회복지 상담서비스 제공업 / 요양보호사(필수),,
313,오전 재가요양 보호사 구함 / 사회복지 상담서비스 제공업 / 요양보호사(필수),,
314,얼음생산직 채용 / 창고 및 운송관련 서비스업 / 관계없음  ,,
315,시설 요양보호사 모집 / 노인 요양 복지시설 운영업 / 요양보호사(필수),,
316,재가요양보호사 모집 / 노인 요양 복지시설 운영업 / 요양보호사1급(필수),,
317,재가요양보호사 모집 / 방문 복지서비스 제공업 / 요양보호사(필수),,
318,재가요양보호사 모집 / 보건 및 복지 행정 / 요양보호사(필수),,
319,요양보호사 선생님을 모십니다(3등급 할머니) / 노인 요양 복지시설 운영업 / 요양보호사1급(필수),,
320,재가요양보호사 구인 / 방문 복지서비스 제공업 / 요양보호사1급(필수),,
321,재가요양보호사 모집 / 그 외 기타 보건업 / 요양보호사(필수),,
322,재가요양보호사 채용 / 그 외 기타 보건업 / 요양보호사(필수),,
323,요양보호사 선생님을 모십니다. / 노인 요양 복지시설 운영업 / 요양보호사1급(필수),,
324,재가요양보호사 모집 / 노인 요양 복지시설 운영업 / 요양보호사(필수),,
325,재가요양보호사 모집 / 방문 복지서비스 제공업 / 요양보호사(필수),,
326,사직 쌍용예가 2차아파트/ 미화원 모집 / 상용 인력 공급 및 인사관리 서비스업 / 관계없음  ,,
327,[보수동} 재가요양보호사 모십니다 / 그 외 기타 비거주 복지 서비스업 / 요양보호사(필수),,
328,서구 송도 암남동 4등급 여성 어르신 / 사회복지 상담서비스 제공업 / 요양보호사1급(필수),,
329,재가요양보호사 모집 / 노인 요양 복지시설 운영업 / 요양보호사1급(필수),,
330,재가요양보호사 채용 / 방문 복지서비스 제공업 / 요양보호사(필수),,
331,주5일 / 오후 재가요양보호사 모집 / 방문 복지서비스 제공업 / 요양보호사(필수),,
332,재가요양보호사 모집 / 개인 간병 및 유사 서비스업 / 요양보호사1급(필수),,
333,"주간보호센터 요양보호사 모십니다 / 방문 복지서비스 제공업 / 요양보호사(필수)
기타 : 자동차운전면허 자격증",,
334,주6일 /오전/재가요양보호사 모집 / 방문 복지서비스 제공업 / 관계없음  ,,
335,케어신재가노인복지센터 재가요양보호사 모집 (기장) / 그 외 기타 비거주 복지 서비스업 / 관계없음  ,,
336,재가요양보호사 모집 / 방문 복지서비스 제공업 / 요양보호사(필수),,
337,재가요양보호사 모집 / 개인 간병 및 유사 서비스업 / 요양보호사(필수),,
338,요양보호사 모집 / 방문 복지서비스 제공업 / 요양보호사(필수),,
339,요양보호사 채용 / 방문 복지서비스 제공업 / 요양보호사1급(필수),,
340,재가요양보호사 채용 / 사회복지 서비스업 / 요양보호사(필수),,
341,요양병원 조리원 모집 / 그 외 기타 보건업 / 관계없음  ,,
342,(금곡동) 재가요양보호사 구인 / 그 외 기타 보건업 / 요양보호사(필수),,
343,재가요양보호사님 모십니다. / 방문 복지서비스 제공업 / 요양보호사(필수),,
344,재가요양보호사님 모십니다 / 방문 복지서비스 제공업 / 요양보호사(필수),,
345,"［덕천2동］재가요양보호사 모십니다 / 개인 간병 및 유사 서비스업 / 요양보호사1급(필수)
기타 : .",,
346,재가요양보호사 모집 / 노인 요양 복지시설 운영업 / 요양보호사(필수),,
347,재가요양보호사 모집(일광) / 방문 복지서비스 제공업 / 요양보호사(필수),,
348,재가요양보호사 모집 / 그 외 기타 비거주 복지 서비스업 / 요양보호사(필수),,
349,호텔 미화원모집(외곽) / 사업시설 유지․관리 서비스업 / 관계없음  ,,
350,재가요양보호사 모집 / 방문 복지서비스 제공업 / 관계없음  ,,
351,요양병원 중환자실 공동간병사 모집 / 개인 간병 및 유사 서비스업 / 요양보호사1급(우대),,
352,"빌딩 미화원 채용합니다. / 소독, 구충 및 방제 서비스업 / 관계없음  ",,
353,그 외 기타 보건업 / 요양보호사(필수),,
354,(부암동)백양산쌍용스윗닷홈 아파트 미화원 / 사업시설 유지․관리 서비스업 / 관계없음  ,,
355,재가요양보호사 채용 / 방문 복지서비스 제공업 / 요양보호사1급(필수),,
356,부산큰병원 시설관리원 모집 【경총중장년내일센터 채용대행】 / 건축물 일반 청소업 / 관계없음  ,,
357,재가요양보호사 모집(기장) / 노인 요양 복지시설 운영업 / 요양보호사1급(필수),,
358,재가요양보호사 모집 / 노인 요양 복지시설 운영업 / 요양보호사(필수),,
359,당감동 재가요양보호사 / 노인 요양 복지시설 운영업 / 요양보호사(필수),,
360,재가요양보호사 모집 / 사회복지 서비스업 / 요양보호사(필수),,
361,재가요양보호사 모집 / 사회복지 상담서비스 제공업 / 요양보호사(필수),,
362,재가요양보호사 채용 / 그 외 기타 보건업 / 요양보호사(필수),,
363,4등급 여자 어르신 요양보호사 모십니다. / 노인 요양 복지시설 운영업 / 요양보호사(필수),,
364,재가요양보호사 구인 / 노인 양로 복지시설 운영업 / 요양보호사1급(필수),,
365,재가요양보호사 모집 / 방문 복지서비스 제공업 / 요양보호사(필수),,
366,재가요양보호사 모집 (기장) / 방문 복지서비스 제공업 / 요양보호사(필수),,
367,장애인활동지원사 모집 / 기타 사회서비스 관리 행정 / 관계없음  ,,
368,재가요양보호사 모집 / 사회복지 서비스업 / 요양보호사(필수),,
369,재가요양보호사 모십니다 / 방문 복지서비스 제공업 / 요양보호사(필수),,
370,이안동래센트럴시티 아파트청소원 채용(출근날짜 협의 가능) / 인력 공급업 / 관계없음  ,,
371,재가요양보호사 모집 / 방문 복지서비스 제공업 / 요양보호사(필수),,
372,"일신주간보호센터 재가요양보호사 모집(정관) / 노인 요양 복지시설 운영업 / 요양보호사(필수)
기타 : 치매교육이수증",,
373,수포츠센터 수영장 여탕 청소 모집 / 스포츠 서비스업 / 관계없음  ,,
374,주례동 80대 독거 어르신 재가요양보호사 구인 / 방문 복지서비스 제공업 / 요양보호사(필수),,
375,재가요양보호사 채용 / 노인 요양 복지시설 운영업 / 요양보호사1급(필수),,
376,남구 대연동 요양보호사님을 모집합니다. / 방문 복지서비스 제공업 / 요양보호사(필수),,
377,재가요양보호사 구인 / 방문 복지서비스 제공업 / 요양보호사1급(필수),,
378,재가요양보호사 구인 / 노인 요양 복지시설 운영업 / 요양보호사(필수),,
379,동구 범일동 요양보호사님을 모집합니다. / 그 외 기타 보건업 / 요양보호사1급(필수),,
380,스톤게이트CC 남자 락커룸 관리원 모집(일광) / 사업시설 유지․관리 서비스업 / 자동차운전면허(우대),,
381,재가요양보호사 모집 / 방문 복지서비스 제공업 / 요양보호사2급(필수),,
382,재가요양보호사 모집 *치매교육이수 필수* / 사회복지 상담서비스 제공업 / 요양보호사(필수),,
383,재가요양보호사 모집 / 방문 복지서비스 제공업 / 요양보호사(필수),,
384,"삼정기업(주) 동부산아울렛 미화원모집(오전,오후조) / 건축물 일반 청소업 / 관계없음  ",,
385,재가요양보호사 모집 / 방문 복지서비스 제공업 / 요양보호사(필수),,
386,재가요양보호사 구인 / 사회복지 상담서비스 제공업 / 요양보호사(필수),,
387,"재가요양보호사 모집 / 4등급 할머니(독거),주5일 9:00~12:00 / 방문 복지서비스 제공업 / 요양보호사(필수)",,
388,재가요양보호사 모집 / 노인 요양 복지시설 운영업 / 관계없음  ,,
389,더샾 아델리스 오피스텔 남사우나실 미화원 구인 / 경비 및 경호 서비스업 / 관계없음  ,,
390,재가요양보호사 모집 / 개인 간병 및 유사 서비스업 / 요양보호사(필수),,
391,남구 용호동 요양보호사님을 모집합니다. / 노인 양로 복지시설 운영업 / 요양보호사1급(필수),,
392,"호텔롯데 L7 해운대 추가 하우스맨 채용 / 소독, 구충 및 방제 서비스업 / 관계없음  ",,
393,남구 용호동 요양보호사님을 모집합니다. / 방문 복지서비스 제공업 / 요양보호사1급(필수),,
394,재가요양보호사 모집( 월내) / 방문 복지서비스 제공업 / 요양보호사(필수),,
395,"구서동 요양병원 간호조무사 채용 합니다(나이트고정, 3교대 각1명) / 공중 보건 의료업 / 간호조무사(필수)
기타 : 간호조무사",,
396,강서구 녹산산단내 회사 미화원모집 / 경비 및 경호 서비스업 / 관계없음  ,,
397,(주)세웅서비스 일광이지더원1차아파트 미화원 모집 / 경비 및 경호 서비스업 / 관계없음  ,,
398,강서구 송정동(녹산) 내 회사 업체 미화원 모집 / 경비 및 경호 서비스업 / 관계없음  ,,
399,재가요양보호사 모집 / 사회복지 서비스업 / 요양보호사(필수),,
400,광안쌍용예가디오션 아파트 미화원 모집 / 경비 및 경호 서비스업 / 관계없음  ,,
401,부부케어재가요양보호사 모집 / 사회복지 상담서비스 제공업 / 요양보호사1급(필수),,
402,사랑의 요양병원 미화원 모집합니다. / 건물ㆍ산업설비 청소 및 방제 서비스업 / 관계없음  ,,
403,어묵제조회사 (주)금진식품 내포장실 어묵포장 직원 모집 / 기타 수산동물 가공 및 저장 처리업 / 관계없음  ,,
404,5등급 치매 여자어르신 돌봄 / 방문 복지서비스 제공업 / 요양보호사(필수),,
405,부전동 여자미화원 모집 / 그 외 기타 협회 및 단체 / 관계없음  ,,
406,회사내 단시간미화직 모집(정관) / 가공식품 도매업 / 관계없음  ,,
407,재가요양보호사 구인 / 방문 복지서비스 제공업 / 요양보호사1급(필수),,
408,재가요양보호사 구인 / 방문 복지서비스 제공업 / 요양보호사1급(필수),,
409,장애인활동지원사 모십니다 / 그 외 기타 비거주 복지 서비스업 / 관계없음  ,,
410,재가요양보호사 모집 / 사회복지 상담서비스 제공업 / 요양보호사(필수),,
411,(망미동) 재가 요양보호사 채용합니다 / 개인 간병 및 유사 서비스업 / 요양보호사(필수),,
412,재가요양보호사 모집 / 방문 복지서비스 제공업 / 요양보호사(필수),,
413,【모라동】재가요양보호사 모집 / 방문 복지서비스 제공업 / 요양보호사(필수),,
414,4등급 여자어르신 돌봄(오전) / 방문 복지서비스 제공업 / 요양보호사(필수),,
415,좌천동 재가요양보호사 / 방문 복지서비스 제공업 / 요양보호사(필수),,
416,배송출고기사님 및 수산물가공 생산직 모집 / 도매 및 상품 중개업 / 관계없음  ,,
417,요양보호사모집 / 그 외 기타 보건업 / 요양보호사1급(필수),,
418,이마트 사상점 구내식당 참모 모집 / 신선식품 및 단순 가공식품 소매업 / 관계없음  ,,
419,중동 재가요양사 구인 [4등급 90.대 남 주5일 / 방문 복지서비스 제공업 / 요양보호사(필수),,
420,아파트 미화원 모집 / 경비 및 경호 서비스업 / 관계없음  ,,
421,진구 양정동 요양보호사님을 모집합니다. / 그 외 기타 보건업 / 요양보호사1급(필수),,
422,재가요양보호사 모집 / 보건업 / 요양보호사(필수),,
423,신선 및 직선 경력자 모집합니다. / 금속가공제품 제조업; 기계 및 가구 제외 / 관계없음  ,,
424,"(주)지원-현장공무 관리자 모집합니다. / 폐기물 수집, 운반, 처리 및 원료 재생업 / 자동차운전면허1종보통(우대)",,
425,요양보호사구함 / 그 외 기타 비거주 복지 서비스업 / 요양보호사1급(필수),,
426,"제조생산과 납품 업무 / 배전반 및 전기 자동제어반 제조업 / 자동차운전면허(필수)
기타 : 운전면허",,
427,2등급 주6일 오후 재가 요양보호사 모집 / 방문 복지서비스 제공업 / 요양보호사(필수),,
428,"병원구내식당 조리사, 조리원 모집 / 종합 병원 / 관계없음  ",,
429,"주간보호 요양보호사 모집 / 그 외 기타 비거주 복지 서비스업 / 요양보호사1급(필수) ,
자동차운전면허(필수)",,
430,재가요양보호사 채용 / 노인 요양 복지시설 운영업 / 요양보호사(필수),,
431,재가요양보호사 모집 / 방문 복지서비스 제공업 / 요양보호사(필수),,
432,재가요양보호사 구인 / 노인 요양 복지시설 운영업 / 요양보호사1급(필수),,
433,부산 사하구 장림동 하나병원 구급차운전(건물경비업무 포함/격일제)구함 / 그 외 기타 보건업 / 자동차운전면허1종보통(필수),,
434,재가요양보호사 모집 / 사회복지 서비스업 / 요양보호사(필수),,
435,재가요양보호사님 모십니다 / 방문 복지서비스 제공업 / 요양보호사(필수),,
436,수영구 광안동 요양보호사님을 모집합니다. / 기타 비거주 복지 서비스업 / 요양보호사(필수),,
437,목욕요양보호사 모집 / 노인 요양 복지시설 운영업 / 요양보호사(필수),,
438,축산 가공작업 구인 / 도매 및 상품 중개업 / 관계없음  ,,
439,"<채용대행>주간보호센터 요양보호사 구인 / 노인 요양 복지시설 운영업 / 요양보호사1급(필수) ,
자동차운전면허1종보통(필수)",,
440,어린이집 연장반 보조교사 모집 / 보육시설 운영업 / 보육교사2급(필수),,
441,<오전 재가요양보호사 모집> / 방문 복지서비스 제공업 / 요양보호사2급(필수),,
442,토성동 경동리인타워 미화원 / 경비 및 경호 서비스업 / 관계없음  ,,
443,재가요양보호사 모집 / 보건 및 복지 행정 / 요양보호사(필수),,
444,센터 시설 청소 미화원 모집 / 기타 스포츠 교육기관 / 관계없음  ,,
445,재가요양보호사 채용-치매교육이수자 / 노인 요양 복지시설 운영업 / 요양보호사1급(필수),,
446,장애인활동보조인 모집 / 그 외 기타 비거주 복지 서비스업 / 관계없음  ,,
447,영양실 단체급식조리원 채용 / 요양 병원 / 관계없음  ,,
448,병원 청소미화원 모집 / 경비 및 경호 서비스업 / 관계없음  ,,
449,재가요양보호사님 모십니다 / 방문 복지서비스 제공업 / 요양보호사(필수),,
450,재가요양보호사님 모십니다. / 방문 복지서비스 제공업 / 요양보호사(필수),,
451,병원식당 조리원 및 주방보조원 모집 / 그 외 기타 보건업 / 관계없음  ,,
452,배송 운전기사 채용 / 기타 신선식품 및 단순 가공식품 소매업 / 자동차운전면허1종보통(필수),,
453,아파트 미화원 모집 / 경비 및 경호 서비스업 / 관계없음  ,,
454,2024년 하반기 지역공동체일자리 참여자 추가모집공고,,
455,2024년 해수욕장 폐장 후 안전관리 기간제근로자 채용 공고,,
456,2024년도 가축전염병 선제대응 기간제근로자 채용,,
457,부산광역시농업기술센터 기간제노동자 채용 공고 (지역특화농업기술정보화인력지원),,
458,부산광역시 동래구 시간선택제임기제공무원(불법 광고물 단속 정비) 채용 계획 재공고,,
459,부산광역시의료원 행정처장 공개 모집,,
460,2024년 기장군 토지정보과 기간제근로자 채용,,
461,기장군의회 기간제근로자(민원응대 및 사무보조) 채용,,
462,영도구 시간선택제임기제공무원 채용계획 공고,,
463,2024년 연제구 마을건강센터 기간제근로자(마을간호사) 채용 공고,,
464,2024년 정관노인복지관 프로그램 강사 신규채용,,
465,해운대구 통합사례관리사  공개채용공고,,
466,2024년 하반기 병리검사실 기간제 근로자(임상병리사) 채용 공고,,
467,2024년 제2차 영도해녀문화전시관 기간제근로자 채용 공고,,
468,2024년 하반기 연안친수시설관리 기간제근로자 채용 공고,,
469,2024년 국가결핵관리사업 기간제 근로자 채용 공고,,
470,2024년 부설주차장 현장점검 기간제 근로자 채용 공고,,
471,『남구 CCTV 통합관제센터』관제요원(기간제 근로자) 채용,,
472,정관보건지소 민원실 기간제 근로자 채용,,
473,「2024년 제4단계 공공근로사업」참여자 모집 공고,,
474,2024년 하반기 기간제근로자(속기) 채용공고,,
475,일반임기제(무대조명 분야) 공업(일반전기)8급 채용 공고,,
476,(재)부산연구원 비상임연구원 채용 공고,,
477,2024년 하반기 연제문화체육공원 및 연산동 고분군 관리 기간제근로자 채용 공고,,
478,부산진여성새로일하기센터 취업상담사 모집,,
479,2024년도 기장군도시관리공단 노인맞춤돌봄서비스(분관) 생활지원사 추가채용,,
480,2024년 9월 영도 마리노 오토캠핑장 기간제근로자 채용 공고,,
481,2024년 하반기 연제문화체육공원 및 연산동 고분군 관리 기간제근로자 채용 공고,,
482,의료급여 업무보조 기간제근로자 채용 공고,,
483,의료급여관리사 기간제근로자 채용 공고연장,,
484,영도구보건소 예방접종실 기간제근로자 채용 공고,,
485,2024년 부동거래신고 업무보조 기간제근로자 채용 공고,,
486,2024년 하반기 동래스파시티(노천족욕탕) 기간제근로자 채용,,
487,2024년 부산광역시 열린행사장 컨텐츠 운영 관리 기간제노동자 채용 공고,,
488,목조문화재 감시(순찰) 기간제근로자 채용,,
489,2024년 교통유발부담금 기간제근로자(전산입력보조) 재채용 공고,,
490,부산여성가족과 평생교육진흥원 원장 채용 공고,,
491,2024년 하반기 인재개발원 기간제노동자(식당보조) 채용 공고,,
492,2024년 신종감염병 대응 기간제근로자 채용 공고,,
493,2024년 지역사회중심 금연지원서비스사업 금연지도원 모집공고,,
494,2024년 부산사회조사 조사요원 모집 공고,,
495,2024년 부산사회조사 조사요원 모집공고,,
496,동래구 혁신어울림센터 들락날락 작은도서관 기간제근로자 채용 공고,,
497,부산광역시 중동부사업소 기간제 노동자(공무직 대체인력) 채용 공고,,
498,낙동강관리본부 기간제노동자(공무직 대체인력) 채용 재공고,,
499,2024년 하반기 온천천 기간제근로자(시설물관리) 채용 재공고,,
500,2024년도 해맞이작은도서관 기간제근로자 채용,,
501,2024년「우리동 방역지킴이」기간제근로자 채용 재공고,,
502,재단법인 부산창조경제혁신센터 직원 채용 공고,,
503,2024년 부산광역시 청사 기계설비 유지관리 기간제노동자 채용 재공고,,
504,영도 마리노 오토캠핑장 기간제근로자 채용추가공고,,
505,2023년 기준 부산환경산업조사 조사요원 모집 공고,,
506,2024년 연제구 아동복지교사 추가 채용 공고,,
507,2024년 하반기 기장군 도서관 기간제근로자 채용 공고,,
508,2024년 기장종합사회복지관 제4회 시간강사 채용,,
509,2024년 노인맞춤돌봄서비스사업 생활지원사 추가채용,,
510,2024년 하반기 공중 간이화장실 청소 및 시설물관리 업무 기간제근로자 채용,,
511,2024년도 목조문화재 안전경비원(장안사) 인력 채용 공고,,
512,2024년 박태준기념관 기간제근로자 채용,,
513,「기장군 환경통합관제센터」기간제근로자 채용,,
514,2024년 하반기 공원분야 기간제근로자 채용공고,,
515,2024년 사상구 노후준비지원센터 전담인력(기간제근로자) 채용공고,,
516,자동차 관련 과태료(주정차위반과태료 등) 기간제근로자 채용 공고,,
517,영도구 시간선택제임기제공무원 채용계획 공고,,
518,2024년 부산광역시 청사미화 기간제근로자 채용공고,,
519,2024년도 영화의전당 제3차 기간제 직원 채용,,
520,보건환경연구원 기간제노동자(실험실 검사보조요원) 채용 공고,,
521,부산광역시 기장군자원봉사센터 센터장 채용,,
522,해양수산인재개발원 공무직 근로자(조리원) 채용,,
523,보건환경연구원 기간제노동자(공무직 대체인력) 채용 공고,,
524,부산 조위관측소 관측원(단시간 근로자) 채용 공고,,
525,2023년 기준 광업·제조업조사 조사요원 모집,,
526,2024년 에너지홈닥터 사업 추진을 위한 에너지 홈닥터 컨설턴트 모집 공고,,
527,2024년 부산광역시 동래구 청사미화원(기간제근로자) 채용 공고,,
528,2024년도 하반기 신중년 경력형 일자리 사업「용호별빛공원 안전지킴이 및 전시해설가」채용 공고,,
529,2024년 하반기 사상구 구인구직개척단 채용 공고,,
530,2024년 사상구보건소 민원실운영사업 기간제근로자 채용공고,,
531,동래구 보건소 민원실 기간제근로자 채용 공고,,
532,2024년도 제3단계 공공근로사업 및 하반기 지역공동체일자리사업 참여자 모집 공고,,
533,부산진구 남성합창단 및 피오레여성합창단 가창지도자 모집 공고,,
534,2024년 기장군 교통행정과 기간제근로자(교통유발부담금 현장조사요원) 채용,,
535,부산진여성인력개발센터 직업능력개발팀 직원모집,,
536,2024년 북구보건소 가족보건팀 기간제근로자 채용 공고,,
537,2024년도 하반기 주거지전용 주차장 관리 요원(기간제 근로자) 채용 공고,,
538,2024년 하반기 일광읍 주민자치 프로그램 강사채용,,
539,부산현대미술관 기간제근로자(공무직 대체인력) 채용 공고,,
540,해운대·송정해수욕장 개장기간 편의시설관리 기간제근로자 모집,,
541,2024년 제3단계 공공근로사업 및 하반기 지역공동체일자리사업 신청자 모집 공고,,
542,2024년 방역사업 기간제근로자 추가 채용 공고,,
543,2024년 제2회 부산진해경제자유구역청 일반임기제공무원(행정6급) 임용시험 공고,,
544,2024년 결핵관리사업 기간제근로자(간호사) 채용,,
545,성수기 해수욕장 시설팀 기간제근로자 채용공고,,
546,부산광역시 보건환경연구원 기간제노동자(공무직 대체인력) 채용 재공고,,
547,부산광역시 동구 임기제 공무원 채용계획 공고(동영상 촬영 및 치매안심센터),,
548,2023년 기준 해양산업조사 조사요원 모집,,
549,2023년 기준 부산해양산업조사 조사요원 모집 공고,,
550,(재공고)2024년 제1회 부산진해경제자유구역청 일반임기제공무원(행정6급) 임용시험 공고,,
551,2024년 산사태현장예방단 채용 공고,,
552,예방접종사업 기간제근로자(간호사) 채용 재공고,,
553,영도구 보건행정과 기간제근로자 채용 재공고,,
554,영도구 시간선택제임기제공무원 채용계획 공고,,
555,부산진여성새로일하기센터 취업상담사 모집,,
556,"아시아드컨트리클럽(주) 공무직(경력,신입) 채용 공고",,
557,국립부산과학관 직원 채용 공고(기간제 근로자),,
558,부산도시공사 노동이사(비상임이사) 모집 공고,,
559,2024년 녹지대관리 기간제근로자 추가채용 공고,,
560,2024년도 글로벌도시재단 수탁사업 기간제 근로자 채용 공고,,
561,2024년 의료취약지역 통합이동진료소사업 기간제근로자(간호사) 채용 재공고,,
562,신중년 경력형 일자리사업(해수면 위험구역 안전관리) 참여자 모집 공고(3차),,
563,국립부산과학관 직원 채용 공고,,
564,24년 기장종합사회복지관 제3회 시간강사 채용,,
565,24년 기장읍 환경정비 분야 기간제근로자 추가 채용,,
566,북구청소년상담복지센터 청소년동반자(기간제근로자) 채용 공고,,
567,바다Dream작은도서관 들락날락 기간제근로자 채용 공고,,
568,2024년 계량기 정기검사 전수조사원 채용 공고,,
569,2024년 정관읍 노면청소차 보조탑승 기간제근로자 추가 채용,,
570,2024년 하반기 방역소독사업 기간제근로자 채용 공고문,,
571,2024년 제2회 부산광역시 부산진구 재활용사업소 기간제근로자 채용 공고,,
572,2024년 불법 유동광고물 정비 기간제근로자 채용 공고,,
573,재단법인 부산테크노파크 원장 채용 공고,,
574,2024년 부산테크노파크 상반기 2차 계약직 공개채용 공고,,
575,2023년도 주정차위반 과태료 체납액 징수정리 2차 기간제 근로자 채용,,
576,부산광역시 남구 평생교육과 기간제 근로자(평생교육사) 채용 재공고,,
577,2023년 하반기 동래구 일자리정보센터 취업상담사 채용,,
578,북구 CCTV 통합관제센터 관제요원 채용 공고,,
579,"금련산청소년수련원 기간제노동자(조경,환경) 채용(2차) 공고",,
580,2023년 기장군 저수지관리원 기간제근로자 채용 공고,,
581,부산진여성새로일하기센터 취업상담사 모집,,
582,2023년 기장종합사회복지관 시간강사 채용 공고,,
583,부산광역시 남구국민체육센터 기간제근로자 채용 공고,,
584,2023년 화명택지 사후관리 기간제근로자 채용 공고,,
585,2023년 교통유발부담금 기간제근로자 채용 공고,,
586,2023년 박태준기념관 교육강사 채용 공고,,
587,한전KDN 부산울산경남지역본부 전력통신팀 정보통신설비 단순정비 일용근로자 모집공고,,
588,2023년도 거제?신금로배수펌프장 기간제근로자 채용 공고,,
589,2023년 정관읍 하절기 기간제근로자 채용,,
590,업무지원직(급식) 공개채용,,
591,청년일자리도약장려금 업무지원자(사무보조) 모집,,
592,2023년도 제2차 장애인기업종합지원센터 직원채용 공고 (기간제),,
593,기장군도시관리공단 2023년도 제4회 기간제근로자 공개채용,,
594,2023년 신입직원 채용공고,,
595,기장군 교통행정과 기간제근로자(불법 주정차 단속전담) 채용,,
596,2023년 상반기 자전거종합서비스센터 인력 채용 공고 의뢰,,
597,재단법인부산정보산업진흥원 전문계약직 채용공고,,
598,해양환경공단 개방형 직위 채용공고,,
599,2023년 마을지기사무소 기간제근로자 채용 공고,,
600,2023년 산림병해충예찰방제단 및 산림관리 등 기간제근로자 채용 공고,,
601,2023년 마을지기사무소 기간제근로자 채용 공고,,
602,동네체육시설관리 기간제근로자 채용 공고,,
603,2023년 좌광천변 종합관리 기간제근로자 추가채용,,
604,2023년 온천천관리 기간제근로자 채용 공고,,
605,동래구 자원봉사센터 유급실무자 채용 재공고,,
606,부산소방본부 구급상담요원(기간제노동자) 채용 공고,,
607,2023년 코로나19 대응 재택치료 기간제근로자 채용 공고,,
608,2023년 만덕도서관 기간제근로자 채용공고,,
609,동래구 국민체육센터 기간제근로자(헬스지도자) 채용 공고,,
610,2023년 옥외광고물(도로점용료 부과 대상) 현지 전수조사 기간제 근로자 채용 공고,,
611,LH 부산울산지역본부 기간제근로자 채용공고,,
612,부산광역시 남구 시간선택제임기제공무원(건강생활지원센터 간호사) 경력경쟁 임용시험 공고,,
613,2023년 장애인복지일자리(참여형)사업 참여자 모집공고,,
614,(재공고) 2022년 경로당행정지원단운영 참여자 모집,,
615,(재)부산여성가족개발원 기간제근로자(경력보유여성 일자리 창출 및 사회서비스 지원 사업) 채용 공고,,
616,금정구청 부설주차장 관리 기간제 근로자 채용공고,,
617,정례회 기간제근로자(속기사) 채용 공고,,
618,동래구국민체육센터 기간제근로자 채용 공고,,
619,2022년 철마면 하반기 도로변 풀베기 기간제근로자 추가 채용 계획,,
620,철마면 고촌안평마을복지회관 청사관리 및 프로그램 운영 기간제근로자 채용 공고,,
621,기장군도시관리공단 2022년도 제17회 기간제근로자 공개채용 공고,,
622,2022년 4차 연제형일자리사업 및 4단계 공공근로사업 참여자 모집 공고,,
623,2022년 동래구 지역아동센터 파견 아동복지교사(기간제근로자) 추가 채용 공고,,
624,기장군 환경통합관제센터 측정감시(사무보조원) 기간제근로자 채용 공고,,
625,2022년 가을철 ~ 2023년 봄철 산불방지 기간제근로자 채용공고,,
626,,,
627,2022년 영도구 기간제 아동복지교사(전일근무) 추가 채용 공고,,
628,거제국민체육센터 시간강사(필라테스) 채용재공고,,
629,남구빙상장 기간제근로자(빙상지도자) 채용공고,,
630,부산광역시 동구 임기제 공무원 채용계획 공고(데이터기반 정책기획),,
631,한국남부발전(주) 2022년 하반기 채용형인턴 및 후생담당원(조리원) 및 전문경력직(기술차장) 채용공고,,
632,,,
633,2022년 금정구보건소 금연지도원 모집 재공고,,
634,편집 기간제근로자 채용 공고,,
635,(재)부산국제교류재단 대체인력(기간제근로자) 채용 공고,,
636,2022년 하반기 인재개발원 기간제 노동자(식당근무)채용 재공고,,
637,부산진여성새로일하기센터 취업상담사 모집,,
638,고령자인재은행 전담 직업상담사 채용공고,,
639,남구빙상장 기간제근로자(시설관리) 채용공고,,
640,2022년도 하반기 부산환경공단 신규직원(공무직) 채용 공고,,
641,2022년도 정관노인복지관(장안읍노인회관) 평생교육프로그램 시간강사 채용 공고,,
642,2022년 저류지 내 정비사업 기간제근로자 채용공고,,
643,2022년 일광읍 하반기 주민자치 프로그램 강사채용 공고,,
644,부산동부해바라기센터 신규 상담원 채용 공고,,
645,부산광역시장애인체육회 장애인생활체육지도자 채용 공고,,
646,부산관광공사 무기계약직(운전원) 공개경쟁채용 공고,,
647,남구국민체육센터 프로그램 시간강사(수영 안전요원),,
648,2022년도 제2회 부산광역시 북구 임기제공무원 채용시험 재공고,,
649,2022 동래구 아이돌보미 모집안내,,
650,치매안심센터 간호사 및 사회복지사 시간선택제임기제공무원 채용 계획 공고,,
651,스포원 육아휴직 대체 기간제근로자 채용 2차 재공고,,
652,기장군 환경통합관제센터 환경감시 기간제근로자 채용공고,,
653,2022년 지역사회건강조사 조사원 모집공고,,
654,2022년 하반기 공중화장실 시설물 관리 및 청소 업무 기간제근로자 채용계획,,
655,부산광역시 남구 교통유발부담금 부과대상 시설물 조사 기간제근로자 채용계획 공고,,
656,재단법인 부산정보산업진흥원 사업계약직 채용공고,,
657,재단법인 부산정보산업진흥원 일반계약직 채용공고,,
658,채용,,
659,사상도서관 기간제근로자 채용공고,,
660,2022년 지역사회건강조사 조사원 모집 공고,,
661,아시아태평양도시 관광진흥기구(TPO) 사무국 직원 채용,,
662,영도구 시간선택제임기제공무원(지방운전원) 채용계획 공고,,
663,부산예술회관 직원 채용공고(시설 및 대관업무),,
664,동래구 문화시설사업소 기간제근로자(청소업무) 채용 공고,,
665,금정구청사 부설주차장 관리 기간제근로자 채용 공고,,
666,22년 하반기 강서구 구인·구직 개척단 채용 공고,,
667,2022년도 하반기 망미도서관 청사관리 기간제근로자 채용 공고,,
668,2022년도 하반기 지역공동체일자리사업 참여자 모집 공고,,
669,2022년 제3단계 공공근로사업 참여자 모집 공고,,
670,"부산광역시 북구「2022년 하반기 구인구직개척단,북이 일자리 발굴단」모집 공고",,
671,재활용품선별장기간제근로자(운전원 대체인력)채용공고,,
672,부산도시공사 기간제사원 모집공고,,
673,2022년 교통유발부담금 기간제근로자 채용공고,,
674,부산여성가족개발원 기간제근로자 채용 공고,,
675,남구(분포)도서관 개관시간 연장사업 및 어린이자료실 이용시간 연장사업 기간제근로자 채용 공고,,
676,여성긴급전화1366 부산센터 직원 채용 공고,,
677,2022년 금정구보건소 여성어린이특화사업(모자보건사업) 기간제근로자 채용,,
678,2022년 부산광역시 강서구 교통유발부담금 시설물조사 기간제근로자 채용 공고,,
679,(재공고) 2022년 경로당행정지원단운영 참여자 모집,,
680,(재)부산복지개발원 긴급돌봄 전담인력 및 육아휴직 대체인력 공개채용 공고,,
681,「우리동네 골목방역단」수영동 기간제근로자 채용공고,,
682,2022년 교통유발부담금 기간제근로자 채용 공고,,
683,부산광역시체육시설관리사업소 강서체육공원 기간제 채용 공고,,
684,2022년 부산시설공단 금강공원 참나무시들음병 예방 끈끈이롤트랩 설치를 위한 기간제근로자 채용,,
685,부산광역시의회 시간선택제임기제공무원 임용시험 공고,,
686,부산도시철도운영서비스(주) 경력사원 채용공고,,
687,2022년 기장군 선진교통과 기간제근로자(교통유발부담금 현장조사요원) 채용 공고,,
688,사하구(도시정비과)에서 불법광고물 정비 등 업무 보조를 위한 기간제근로자를 다음과 같이 모집,,
689,부산광역시 영도구 청원경찰 채용시험 시행공고,,
690,(재)부산창조경제혁신센터 직원 채용 공고,,
691,부산광역시장애인체육회 기간제근로자 채용 공고,,
692,(재)연제구상권활성화재단 사무국 직원 채용 공고,,
693,2022년 계량기 정기검사 전수조사원 채용공고,,
694,2022년 계량기 정기검사 전수조사원 채용공고,,
695,"닭고기 가공업체 택배포장 / 단순생산직 직원 모집 / 포장·검사, 농수산물 가공·식품 제조",,
696,"초보가능/ 조문객 서빙도우미/ 상례사/ 웨딩플래너 모집] 투잡/ 부업 / 서빙·포장, 상조·웨딩·연회",,
697,"(박해윤통영해물밥상 ) 동래점- 주방 찬 담당자 광안점 -주방,홀서빙 정직및 파트 남여 / 주방·주방보조·설거지, 서빙·포장, 요리·서빙 기타",,
698,(신라농원) 숯불장치 직원 모집합니다 / 요리·서빙 기타,,
699,"오바사, 본봉사, 삼봉사, 완성공, 시다공 모집 / 섬유·재단·미싱, 생산·제조·조립·인쇄",,
700,"(부산브이호텔) 청소 /주간 카운터 직원 구합니다 / 모텔·호텔·숙박, 청소·미화·방역",,
701,"마린시티 샤브만찬에서 신규오픈 직원을 모집합니다 (주방 1명/홀 1명 모집) / 주방·주방보조·설거지, 서빙·포장",,
702,"강화유리 자동재단기사 //  생산.현장직(초보)/유리재단기사(경력) / 생산·제조·조립·인쇄, 포장·검사, 건설·토목 기타",,
703,"하방맨2기모집.활발하고 적극적이신 분 지원하세요.바퀴벌레퇴치 전문영업팀 모집.당일지급 / 서비스 기타, 청소·미화·방역",,
704,숲사랑어린이집 / 어린이집 조리사 구인 공고 / 어린이집 조리사               ,,
705,아쿠아셀 / 환경기계설비 연구개발 및 공사 프로젝트 매니저 업무 수행,,
706,"웰니스병원 / 기타보건의료종사원 구인 공고 / 기타 보건의료 종사원 의료기구 및 병실 베드 관리, 환자 이동 및 보조 ",,
707,수요양병원 / 조리사 구인 공고 / 조리사,,
708,효성프라요양병원 / 간호조무사 구인 공고 / 간호조무사,,
709,진흥산업 / 변압기 용접원 구인 공고 /                                     변압기 내 외부 용접                                                   ,,
710,수변최고 해운대점 / 조리사 구인 공고 /                                     조리사 (유관경력 우대)                                                  ,,
711,수변최고 미포점 / 조리사 구인 공고 /                                     조리사 (유관경력 우대)                                                  ,,
712,수변최고 롯데점 / 조리사 구인 공고 /                                     조리사 (유관경력 우대)                                                  ,,
713,금수복국 롯데점 / 조리사 구인 공고 /                                     조리사 (유관경력 우대)                                                  ,,
714,수변최고돼지국밥 송정점 / 조리사 구인 공고 /                                     조리사 (유관경력 우대)                                                  ,,
715,                                                                                         택시운전원            ,,
716,"한국보상원 / 사무원 구인 공고 /                                     사무원 (손실 보상 및 협의, 사무 보조)                                                  ",,
717,쁘띠쁘아유치원 / 유치원 조리사 구인 공고 / 어린이집 조리사               ,,
718,"드림나라병원 / 기타 보건 의료 종사원 공고 / 기타 보건 의료 종사원                                                   환자 이송 및 관리, 병실 관리 등                                                 ",,
719,도시농사꾼 농업회사법인 / 버섯 재배 및 물류관리 구인 공고 /                                     용호별빛공원 내 버섯재배 및 물류관리                                                  ,,
720,"에프지인더스트리 / 선박설계사 구인 공고 /                                     선박설계 (10년 이상 경력필수)                                                                            영어회화 가능자(비즈니스 회화 능통자), 대우조선/한진중공업 출신 우대                                       ",,
721, 제과제빵 / 음료제조사 / 조리사                 근면 성실하고 오래 근무 가능한 사람 우대              ,,
722,수변최고돼지국밥 / 조리사 구인 공고 /                                     조리사 (유관경력 우대)                                                  ,,
723,수변최고돼지국밥 센텀점 / 조리사 구인 공고 /                                     조리사 (유관경력 우대)                                                  ,,
724,금수복국 온천점 / 조리사 구인 공고 /                                     조리사 (유관경력 우대)                                                  ,,
725,금수복국 센텀벡스코점 / 조리사 구인 공고 /                                     조리사 (유관경력 우대)                                                  ,,
726,금수복국 동래점 / 조리사 구인 공고 /                                     조리사 (유관경력 우대)                                                  ,,
727,"우진피엠이 / CNC,MCT,사상,연마 기술직 구인 공고",,
728,해뜨는어린이집 / 어린이집 조리사 구인 공고 / 어린이집 조리사               ,,
729,꿈드림키즈 / 보육보조교사 구인 공고 / 어린이집 보육보조 교사               ,,
730,"시설특수관리 (빌딩전기관리, 호텔 시설물 유지보수 등)                 경력자 우대, 중식제공                ",,
731,"동창주조창 / 주조원 / 주조원 (조형)                 조형,중자 및 합형 생산 작업                ",,
732,하운드호텔 부산역점 / 호텔조리사 구인 공고 / 호텔 조리사 (유관경력 또는 한식/양식 자격증 소지자 우대)              조식 & 직원식 & 런치 조리                 ,,
733,기장(남창 인근)-3등급 할아버지 재가요양보호사 모집 / 방문 복지서비스 제공업 / 요양보호사(필수),,
734,]  아파트 경비원 모집 / 인력 공급업 / 관계없음  ,,
735,아파트 경비원 모집 / 인력 공급업 / 관계없음  ,,
736,센텀한보미도 아파트 경비원 채용 / 경비 및 경호 서비스업 / 관계없음  ,,
737,롯데캐슬1단지 아파트 미화원 채용 / 경비 및 경호 서비스업 / 관계없음  ,,
738,재가 요양보호사 모집 / 노인 요양 복지시설 운영업 / 요양보호사(필수),,
739,재가 요양보호사 모집 / 노인 요양 복지시설 운영업 / 요양보호사(필수),,
740,재가요양보호사 채용 / 방문 복지서비스 제공업 / 요양보호사(필수),,
741,재가요양보호사 모집 / 방문 복지서비스 제공업 / 요양보호사(필수),,
742,케어신재가노인복지센터 요양보호사 모집 (장안) / 그 외 기타 비거주 복지 서비스업 / 관계없음  ,,
743,재가요양보호사 모집 (정관) / 방문 복지서비스 제공업 / 요양보호사(필수),,
744,장애인활동지원사 모십니다 / 그 외 기타 비거주 복지 서비스업 / 관계없음  ,,
745,재가요양보호사 선생님을 모집 / 방문 복지서비스 제공업 / 요양보호사(필수),,
746,시설 요양보호사 모집 / 노인 요양 복지시설 운영업 / 요양보호사(필수),,
747,재가요양보호사 모집(정관) / 방문 복지서비스 제공업 / 요양보호사(필수),,
748,재가요양보호사 채용 / 방문 복지서비스 제공업 / 요양보호사1급(필수),,
749,(농심호텔) 기물 세척 직원 모집 / 건축물 일반 청소업 / 관계없음  ,,
750,요양보호사급구 / 그 외 기타 비거주 복지 서비스업 / 요양보호사1급(필수),,
751,재가요양보호사 모집 / 노인 요양 복지시설 운영업 / 요양보호사(필수),,
752,"재가요양보호사 모집 **치매교육이수 필수** / 사회복지 상담서비스 제공업 / 요양보호사1급(필수)
기타 : 치매교육이수 필수",,
753,"방문목욕 운전가능한 요양보호사1명, 목욕보조 요양보호사1명 / 기타 사회서비스 관리 행정 / 요양보호사(필수)",,
754,아파트 청소원 모집 / 사업시설 유지․관리 서비스업 / 관계없음  ,,
755,"주간보호센터 시설요양보호사 모집 / 개인 간병 및 유사 서비스업 / 요양보호사(필수) ,
자동차운전면허2종보통(필수)",,
756,광안쌍용예가디오션 아파트 미화원 모집 / 경비 및 경호 서비스업 / 관계없음  ,,
757,일광 동부산쏠마레아파트 미화원 모집 / 주거용 부동산 관리업 / 관계없음  ,,
758,강서구청인근 과일가공 단순업무자 채용 / 과실 및 그 외 채소 절임식품 제조업 / 관계없음  ,,
759,4등급 여자 어르신 요양보호사 모십니다. / 노인 요양 복지시설 운영업 / 요양보호사(필수),,
760,남구 용호동 요양보호사님을 모집합니다. / 방문 복지서비스 제공업 / 요양보호사1급(필수),,
761,재가 요양보호사 모집 / 개인 간병 및 유사 서비스업 / 요양보호사1급(필수),,
762,재가요양보호사 모집 / 노인 요양 복지시설 운영업 / 요양보호사(필수),,
763,감전동 제조공장 내 현장 청소 / 상용 인력 공급 및 인사관리 서비스업 / 관계없음  ,,
764,긴급돌봄 방문요양보호사 모집(반여동) / 방문 복지서비스 제공업 / 요양보호사(필수),,
765,단체급식(병원) 조리원 채용합니다. (온천장 소재) / 기관 구내식당업 / 관계없음  ,,
766,재가 요양보호사  구합니다. / 방문 복지서비스 제공업 / 요양보호사(필수),,
767,재가요양보호사채용 / 노인 요양 복지시설 운영업 / 요양보호사(필수),,
768,소아청소년과병원 청소원 모집 【경총중장년내일센터 채용대행】 / 건축물 일반 청소업 / 관계없음  ,,
769,요양보호사님 모십니다 / 그 외 기타 비거주 복지 서비스업 / 요양보호사(필수),,
770,부전동 미화반장 모집 / 건축물 일반 청소업 / 관계없음  ,,
771,"원무팀 야간경비업무 채용 / 공중 보건 의료업 / 자동차운전면허1종보통(필수)
기타 : 경비원교육이수증(필수)",,
772,재가요양보호사 구인 / 그 외 기타 비거주 복지 서비스업 / 요양보호사(필수),,
773,도배풀 생산직 모집 / 접착제 및 젤라틴 제조업 / 자동차운전면허1종보통(필수),,
774,미화 청소 채용 / 공중 보건 의료업 / 관계없음  ,,
775,신세대지큐빌아파트 미화원 모집 / 임시 및 일용 인력 공급업 / 관계없음  ,,
776,재가 요양보호사 채용 / 방문 복지서비스 제공업 / 요양보호사(필수),,
777,(채용대행) 좌동 KCC스위첸 아파트 미화원 / 경비 및 경호 서비스업 / 관계없음  ,,
778,4등급 여자 독거어르신 / 그 외 기타 비거주 복지 서비스업 / 요양보호사(필수),,
779,재가요양보호사 모집 / 노인 요양 복지시설 운영업 / 요양보호사(필수),,
780,재가 요양보호사 채용 / 방문 복지서비스 제공업 / 요양보호사(필수),,
781,<채용대행> 명지 극동스타클래스 아파트 미화원 모집 / 경비 및 경호 서비스업 / 관계없음  ,,
782,재가요양보호사 구인 / 개인 간병 및 유사 서비스업 / 요양보호사(필수),,
783,개금동 요양보호사 모집합니다. / 방문 복지서비스 제공업 / 요양보호사(필수),,
784,"일신주간보호센터 재가요양보호사 모집(정관) / 노인 요양 복지시설 운영업 / 요양보호사(필수)
기타 : 치매교육이수증",,
785,재가요양보호사 구인 / 사회복지 상담서비스 제공업 / 요양보호사1급(필수),,
786,재가요양보호사 채용 / 그 외 기타 보건업 / 요양보호사(필수),,
787,재가요양보호사 모집 / 방문 복지서비스 제공업 / 요양보호사(필수),,
788,자유시장 환경미화원 채용- A조(오전6시00분 출근 / 오후4시00분 퇴근). B조(오전8시00분 출근 / 오후6시00분 퇴근) 순환근무 / 협회 및 단체 / 관계없음  ,,
789,재가요양보호사 모집 / 노인 요양 복지시설 운영업 / 요양보호사(필수),,
790,삼한힐파크 아파트 미화원 채용 / 경비 및 경호 서비스업 / 관계없음  ,,
791,요양보호사님을 모집합니다. / 노인 요양 복지시설 운영업 / 요양보호사(필수),,
792,재가요양보호사 모집 / 그 외 기타 거주 복지시설 운영업 / 요양보호사(필수),,
793,"주간보호센터 시설요양보호사 채용 / 그 외 기타 비거주 복지 서비스업 / 요양보호사1급(필수) ,
자동차운전면허1종보통(필수)",,
794,범천동 재가요양보호사 / 노인 요양 복지시설 운영업 / 요양보호사1급(필수),,
795,재가요양보호사 모집 / 방문 복지서비스 제공업 / 요양보호사(필수),,
796,재가요양보호사 채용 / 노인 요양 복지시설 운영업 / 요양보호사(필수),,
797,재가요양보호사 모집 / 방문 복지서비스 제공업 / 요양보호사(필수),,
798,재가요양보호사 선생님 모집합니다 / 방문 복지서비스 제공업 / 요양보호사1급(필수),,
799,재가요양보호사님 모십니다. / 방문 복지서비스 제공업 / 요양보호사(필수),,
800,요양보호사님 모십니다. / 방문 복지서비스 제공업 / 요양보호사(필수),,
801,재가요양보호사 모집 / 보건업 / 요양보호사(필수),,
802,재가 요양보호사 모집 / 그 외 기타 거주 복지시설 운영업 / 요양보호사(필수),,
803,요양보호사 채용 / 그 외 기타 보건업 / 요양보호사(필수),,
804,재가요양보호사 모집 (정관) / 그 외 기타 비거주 복지 서비스업 / 요양보호사(필수),,
805,4등급 여자어르신/오전/독거 재가요양보호사채용 / 방문 복지서비스 제공업 / 요양보호사(필수),,
806,요양보호사 모집 / 노인 요양 복지시설 운영업 / 요양보호사1급(필수),,
807,5등급 80대 독거 할아버지 / 9-12시 / 주 3일 / 치매교육 이수 필수 / 재가요양보호사 모집 / 사회복지 서비스업 / 요양보호사(필수),,
808,남구 용호동 요양보호사(치매)님을 모집합니다. / 기타 비거주 복지 서비스업 / 요양보호사(필수),,
809,요양보호사 모집 / 방문 복지서비스 제공업 / 요양보호사1급(필수),,
810,재가요양보호사 모집 / 그 외 기타 비거주 복지 서비스업 / 요양보호사(필수),,
811,재가요양보호사 채용 / 방문 복지서비스 제공업 / 요양보호사(필수),,
812,재가요양보호사 모집 / 개인 간병 및 유사 서비스업 / 요양보호사(필수),,
813,신호동 아파트 청소원 채용 / 온라인 활용 마케팅 및 관련 사업지원 서비스업 / 관계없음  ,,
814,린넨실 세탁물 관리원 모집합니다. / 사업지원 서비스업 / 관계없음  ,,
815,미화원 모집 / 사업지원 서비스업 / 관계없음  ,,
816,극동정림 아파트 관리원 채용(기사보조) / 기타 개인 서비스업 / 관계없음  ,,
817,재가요양보호사 모집 (정관) / 그 외 기타 비거주 복지 서비스업 / 요양보호사(필수),,
818,사랑의 요양병원 미화원 구인 / 건물ㆍ산업설비 청소 및 방제 서비스업 / 관계없음  ,,
819,재가요양보호사 모집 / 사회복지 서비스업 / 요양보호사(필수),,
820,4등급 여자 어르신 재가요양보호사 구함 / 보건업 / 요양보호사(필수),,
821,"요양보호사 선생님을 모십니다. / 방문 복지서비스 제공업 / 요양보호사(필수)
기타 : 치매교육이수증",,
822,재가요양보호사 모십니다 / 방문 복지서비스 제공업 / 요양보호사(필수),,
823,재가요양보호사 모집 / 보건업 / 요양보호사(필수),,
824,요양보호사 모집 / 보건 및 복지 행정 / 요양보호사(필수),,
825,"재가요양보호사 모십니다 / 개인 간병 및 유사 서비스업 / 요양보호사(필수)
기타 : 건강검진",,
826,(메디칼건물) 건물 주차관리인 채용합니다 (주3일) / 경비 및 경호 서비스업 / 관계없음  ,,
827,장애인활동지원사 모십니다 / 그 외 기타 비거주 복지 서비스업 / 관계없음  ,,
828,재가요양보호사 구인 / 노인 요양 복지시설 운영업 / 요양보호사(필수),,
829,재가요양보호사 모집 / 방문 복지서비스 제공업 / 요양보호사(필수),,
830,재가방문요양보호사 모집(일광) / 방문 복지서비스 제공업 / 요양보호사(필수),,
831,재가요양보호사 구인 / 방문 복지서비스 제공업 / 요양보호사(필수),,
832,4등급 여자 어르신 요양보호사 모십니다. / 노인 요양 복지시설 운영업 / 요양보호사(필수),,
833,재가 요양보호사 모집 / 그 외 기타 비거주 복지 서비스업 / 요양보호사(필수),,
834,부부케어 해주실 요양보호사 모십니다 / 개인 간병 및 유사 서비스업 / 요양보호사(필수),,
835,재가요양보호사 모집 / 보건업 / 요양보호사(필수),,
836,재가요양보호사 모집 / 사회복지 서비스업 / 요양보호사(필수),,
837,수정동 재가요양보호사 채용 / 방문 복지서비스 제공업 / 요양보호사(필수),,
838,단순수산물가공 및 포장(생산직구인) / 도매 및 상품 중개업 / 관계없음  ,,
839,요양보호사 선생님을 모십니다. / 방문 복지서비스 제공업 / 요양보호사(필수),,
840,<해운대새일센터 채용대행>정관 두산위브더테라스 미화원 구인 / 경비 및 경호 서비스업 / 관계없음  ,,
841,재가요양보호사 모집 / 개인 간병 및 유사 서비스업 / 요양보호사(필수),,
842,재가요양보호사 모집 / 보건업 / 요양보호사(필수),,
843,재가요양보호사 모집 / 방문 복지서비스 제공업 / 요양보호사(필수),,
844,재가요양보호사 구인 / 노인 요양 복지시설 운영업 / 요양보호사(필수),,
845,재가요양보호사 채용- 4등급 할머니(독거) / 그 외 기타 보건업 / 요양보호사(필수),,
846,현대요양병원 조리사 및 조리원 구인 / 요양 병원 / 한식조리기능사(우대),,
847,엑소디움 재가요양보호사 구인 / 노인 요양 복지시설 운영업 / 요양보호사1급(필수),,
848,3등급 여자어르신 돌봄 / 방문 복지서비스 제공업 / 요양보호사(필수),,
849,해운대부민병원 조리원 모집 / 종합 병원 / 관계없음  ,,
850,숯불장치원 모집 / 한식 육류요리 전문점 / 관계없음  ,,
851,재가요양보호사 모집 / 노인 요양 복지시설 운영업 / 요양보호사(필수),,
852,아파트 경비원 채용 / 경비 및 경호 서비스업 / 관계없음  ,,
853,동남권원자력의학원 미화원 채용 / 건축물 일반 청소업 / 관계없음  ,,
854,재가 요양보호사 구인 / 방문 복지서비스 제공업 / 요양보호사(우대),,
855,조리 조보원 모집 / 출장 음식 서비스업 / 관계없음  ,,
856,재가요양보호사 모집 / 노인 요양 복지시설 운영업 / 요양보호사1급(필수),,
857,청소원 / 사업시설 유지․관리 서비스업 / 관계없음  ,,
858,정관 이지더원 2차아파트 경비원 채용 / 사업시설 유지․관리 서비스업 / 관계없음  ,,
859,재가요양보호사 모집(좌동) / 방문 복지서비스 제공업 / 요양보호사(필수),,
860,"재가요양보호사 모십니다 / 사회복지 상담서비스 제공업 / 요양보호사(필수)
기타 : 치매교육이수증 필수",,
861,2024년 하반기 지역공동체일자리 참여자 추가모집공고,,
862,2024년 해수욕장 폐장 후 안전관리 기간제근로자 채용 공고,,
863,2024년도 가축전염병 선제대응 기간제근로자 채용,,
864,부산광역시농업기술센터 기간제노동자 채용 공고 (지역특화농업기술정보화인력지원),,
865,부산광역시 동래구 시간선택제임기제공무원(불법 광고물 단속 정비) 채용 계획 재공고,,
866,부산광역시의료원 행정처장 공개 모집,,
867,2024년 기장군 토지정보과 기간제근로자 채용,,
868,기장군의회 기간제근로자(민원응대 및 사무보조) 채용,,
869,영도구 시간선택제임기제공무원 채용계획 공고,,
870,2024년 연제구 마을건강센터 기간제근로자(마을간호사) 채용 공고,,
871,2024년 정관노인복지관 프로그램 강사 신규채용,,
872,해운대구 통합사례관리사  공개채용공고,,
873,2024년 하반기 병리검사실 기간제 근로자(임상병리사) 채용 공고,,
874,2024년 제2차 영도해녀문화전시관 기간제근로자 채용 공고,,
875,2024년 하반기 연안친수시설관리 기간제근로자 채용 공고,,
876,2024년 국가결핵관리사업 기간제 근로자 채용 공고,,
877,2024년 부설주차장 현장점검 기간제 근로자 채용 공고,,
878,『남구 CCTV 통합관제센터』관제요원(기간제 근로자) 채용,,
879,정관보건지소 민원실 기간제 근로자 채용,,
880,「2024년 제4단계 공공근로사업」참여자 모집 공고,,
881,2024년 하반기 기간제근로자(속기) 채용공고,,
882,일반임기제(무대조명 분야) 공업(일반전기)8급 채용 공고,,
883,(재)부산연구원 비상임연구원 채용 공고,,
884,2024년 하반기 연제문화체육공원 및 연산동 고분군 관리 기간제근로자 채용 공고,,
885,부산진여성새로일하기센터 취업상담사 모집,,
886,2024년도 기장군도시관리공단 노인맞춤돌봄서비스(분관) 생활지원사 추가채용,,
887,2024년 9월 영도 마리노 오토캠핑장 기간제근로자 채용 공고,,
888,2024년 하반기 연제문화체육공원 및 연산동 고분군 관리 기간제근로자 채용 공고,,
889,의료급여 업무보조 기간제근로자 채용 공고,,
890,의료급여관리사 기간제근로자 채용 공고연장,,
891,영도구보건소 예방접종실 기간제근로자 채용 공고,,
892,2024년 부동거래신고 업무보조 기간제근로자 채용 공고,,
893,2024년 하반기 동래스파시티(노천족욕탕) 기간제근로자 채용,,
894,2024년 부산광역시 열린행사장 컨텐츠 운영 관리 기간제노동자 채용 공고,,
895,목조문화재 감시(순찰) 기간제근로자 채용,,
896,2024년 교통유발부담금 기간제근로자(전산입력보조) 재채용 공고,,
